keyword,n,n_other,feature,role,cohens_d,mwu_p,q_fdr,passes_fdr,passes_effect,passes_threshold
희망,305,356,intensity,verified,-0.3912,3.15915e-07,2.30167e-05,True,True,True
희망,305,356,energy_full,verified,-0.3071,0.000100594,0.00366449,True,True,True
희망,305,356,i_mean,verified,-0.2875,0.000116974,0.00397713,True,False,False
희망,305,356,i_std,verified,-0.1281,0.0813979,0.267825,False,False,False
희망,305,356,i_min,verified,-0.1878,0.0130582,0.0876273,False,False,False
희망,305,356,i_max,verified,-0.3671,1.53299e-05,0.000710751,True,True,True
희망,305,356,i_start,verified,-0.1753,0.00560864,0.0594341,False,False,False
희망,305,356,i_end,verified,-0.3303,2.72154e-05,0.00106768,True,True,True
희망,305,356,mode_score,verified,0.1705,0.0273859,0.133829,False,False,False
희망,305,356,bpm,verified,-0.0904,0.356988,0.611571,False,False,False
희망,305,356,acousticness_proxy,exploratory,0.4411,4.0099e-08,5.11262e-06,True,True,True
희망,305,356,instrumentalness_proxy,exploratory,-0.1155,0.164088,0.396611,False,False,False
희망,305,356,cen_mean,librosa_direct,-0.1871,0.0176304,0.0999058,False,False,False
희망,305,356,cen_p90,librosa_direct,-0.2189,0.00933195,0.0709724,False,False,False
희망,305,356,roll_mean,librosa_direct,-0.2141,0.00310895,0.0406556,True,False,False
희망,305,356,roll_p90,librosa_direct,-0.2224,0.00594341,0.0594341,False,False,False
희망,305,356,bw_mean,librosa_direct,-0.1468,0.0166971,0.0971681,False,False,False
희망,305,356,bw_p90,librosa_direct,-0.2073,0.00734119,0.0646952,False,False,False
희망,305,356,flat_mean,librosa_direct,-0.3811,2.05429e-06,0.00011641,True,True,True
희망,305,356,flat_p90,librosa_direct,-0.3436,1.94437e-05,0.000826355,True,True,True
희망,305,356,contrast_mean,librosa_direct,0.462,1.75775e-10,8.96454e-08,True,True,True
희망,305,356,contrast_p90,librosa_direct,0.4382,1.55321e-09,2.64045e-07,True,True,True
희망,305,356,zcr_mean,librosa_direct,-0.217,0.00467132,0.0529416,False,False,False
희망,305,356,zcr_p90,librosa_direct,-0.2272,0.00807392,0.0675033,False,False,False
희망,305,356,perc_mean,librosa_direct,-0.4731,1.22963e-09,2.64045e-07,True,True,True
희망,305,356,perc_p90,librosa_direct,-0.417,1.64215e-07,1.67499e-05,True,True,True
희망,305,356,perc_p95,librosa_direct,-0.406,2.53128e-07,2.15158e-05,True,True,True
희망,305,356,onset_mean,librosa_direct,-0.2424,0.00106258,0.0159387,True,False,False
희망,305,356,onset_p90,librosa_direct,-0.1644,0.0651589,0.229179,False,False,False
희망,305,356,onset_rate,librosa_direct,0.0097,0.892258,0.939056,False,False,False
희망,305,356,rms_mean,librosa_direct,-0.0175,0.677003,0.831979,False,False,False
희망,305,356,rms_p90,librosa_direct,-0.0917,0.151006,0.385366,False,False,False
희망,305,353,energy,negative_control,-0.0012,0.989172,0.992667,False,False,False
희망,305,356,energy_proxy,negative_control,0.1091,0.0986748,0.292582,False,False,False
사랑,65,596,intensity,verified,-0.2832,0.0497427,0.196346,False,False,False
사랑,65,596,energy_full,verified,-0.1747,0.179457,0.41983,False,False,False
사랑,65,596,i_mean,verified,-0.3326,0.02623,0.129877,False,True,False
사랑,65,596,i_std,verified,0.3544,0.0018818,0.0259383,True,True,True
사랑,65,596,i_min,verified,-0.4147,0.0169568,0.0971681,False,True,False
사랑,65,596,i_max,verified,-0.0482,0.655848,0.822283,False,False,False
사랑,65,596,i_start,verified,-0.2395,0.201807,0.443628,False,False,False
사랑,65,596,i_end,verified,-0.1573,0.208286,0.455905,False,False,False
사랑,65,596,mode_score,verified,0.1789,0.324615,0.576842,False,False,False
사랑,65,596,bpm,verified,-0.0623,0.761064,0.880142,False,False,False
사랑,65,596,acousticness_proxy,exploratory,0.0358,0.571364,0.774143,False,False,False
사랑,65,596,instrumentalness_proxy,exploratory,-0.0475,0.816092,0.912734,False,False,False
사랑,65,596,cen_mean,librosa_direct,-0.2831,0.0331914,0.152501,False,False,False
사랑,65,596,cen_p90,librosa_direct,-0.197,0.115572,0.329283,False,False,False
사랑,65,596,roll_mean,librosa_direct,-0.3324,0.0133417,0.0883669,False,True,False
사랑,65,596,roll_p90,librosa_direct,-0.0845,0.433484,0.676076,False,False,False
사랑,65,596,bw_mean,librosa_direct,-0.3501,0.0124976,0.0873119,False,True,False
사랑,65,596,bw_p90,librosa_direct,-0.1359,0.26559,0.518969,False,False,False
사랑,65,596,flat_mean,librosa_direct,-0.2127,0.0943625,0.287736,False,False,False
사랑,65,596,flat_p90,librosa_direct,-0.2205,0.0677403,0.236627,False,False,False
사랑,65,596,contrast_mean,librosa_direct,0.369,0.0360607,0.161324,False,True,False
사랑,65,596,contrast_p90,librosa_direct,0.385,0.0117011,0.0844984,False,True,False
사랑,65,596,zcr_mean,librosa_direct,-0.1208,0.280555,0.527981,False,False,False
사랑,65,596,zcr_p90,librosa_direct,-0.0908,0.231265,0.483381,False,False,False
사랑,65,596,perc_mean,librosa_direct,-0.1271,0.224552,0.475192,False,False,False
사랑,65,596,perc_p90,librosa_direct,0.0201,0.874716,0.934597,False,False,False
사랑,65,596,perc_p95,librosa_direct,0.0414,0.975716,0.982039,False,False,False
사랑,65,596,onset_mean,librosa_direct,-0.0981,0.504156,0.736732,False,False,False
사랑,65,596,onset_p90,librosa_direct,-0.0381,0.976262,0.982039,False,False,False
사랑,65,596,onset_rate,librosa_direct,0.012,0.998636,0.998636,False,False,False
사랑,65,596,rms_mean,librosa_direct,-0.221,0.0621763,0.221748,False,False,False
사랑,65,596,rms_p90,librosa_direct,-0.0965,0.667752,0.830177,False,False,False
사랑,65,593,energy,negative_control,-0.306,0.0195152,0.108734,False,True,False
사랑,65,596,energy_proxy,negative_control,0.0599,0.657826,0.822283,False,False,False
그리움,61,600,intensity,verified,-0.3389,0.0120271,0.0851922,False,True,False
그리움,61,600,energy_full,verified,-0.2378,0.0785717,0.26217,False,False,False
그리움,61,600,i_mean,verified,-0.2928,0.0379195,0.168165,False,False,False
그리움,61,600,i_std,verified,0.2193,0.064289,0.22769,False,False,False
그리움,61,600,i_min,verified,-0.3877,0.0101769,0.0752207,False,True,False
그리움,61,600,i_max,verified,-0.1111,0.278306,0.527643,False,False,False
그리움,61,600,i_start,verified,-0.3977,0.0151991,0.0921191,False,True,False
그리움,61,600,i_end,verified,-0.1691,0.43823,0.679323,False,False,False
그리움,61,600,mode_score,verified,0.376,0.00666825,0.0628185,False,True,False
그리움,61,600,bpm,verified,0.096,0.473809,0.70863,False,False,False
그리움,61,600,acousticness_proxy,exploratory,0.2947,0.00828731,0.0681698,False,False,False
그리움,61,600,instrumentalness_proxy,exploratory,-0.0778,0.358961,0.611571,False,False,False
그리움,61,600,cen_mean,librosa_direct,-0.2113,0.0887498,0.281133,False,False,False
그리움,61,600,cen_p90,librosa_direct,-0.1387,0.267228,0.520177,False,False,False
그리움,61,600,roll_mean,librosa_direct,-0.1835,0.136913,0.363676,False,False,False
그리움,61,600,roll_p90,librosa_direct,-0.089,0.501744,0.736519,False,False,False
그리움,61,600,bw_mean,librosa_direct,-0.1759,0.158756,0.390532,False,False,False
그리움,61,600,bw_p90,librosa_direct,-0.0699,0.650139,0.820719,False,False,False
그리움,61,600,flat_mean,librosa_direct,-0.2003,0.0589555,0.213603,False,False,False
그리움,61,600,flat_p90,librosa_direct,-0.1681,0.10929,0.318502,False,False,False
그리움,61,600,contrast_mean,librosa_direct,0.5333,0.000174401,0.00468128,True,True,True
그리움,61,600,contrast_p90,librosa_direct,0.5144,0.000607286,0.0110613,True,True,True
그리움,61,600,zcr_mean,librosa_direct,-0.1634,0.0938779,0.287736,False,False,False
그리움,61,600,zcr_p90,librosa_direct,-0.1736,0.123594,0.344443,False,False,False
그리움,61,600,perc_mean,librosa_direct,-0.4059,0.000441085,0.00956852,True,True,True
그리움,61,600,perc_p90,librosa_direct,-0.2885,0.00462203,0.0529416,False,False,False
그리움,61,600,perc_p95,librosa_direct,-0.2164,0.0427176,0.180049,False,False,False
그리움,61,600,onset_mean,librosa_direct,-0.1778,0.282382,0.528751,False,False,False
그리움,61,600,onset_p90,librosa_direct,-0.0193,0.721502,0.859734,False,False,False
그리움,61,600,onset_rate,librosa_direct,0.1771,0.384965,0.633329,False,False,False
그리움,61,600,rms_mean,librosa_direct,-0.2515,0.0504551,0.196428,False,False,False
그리움,61,600,rms_p90,librosa_direct,-0.1788,0.152406,0.386702,False,False,False
그리움,60,598,energy,negative_control,-0.3033,0.0257843,0.128922,False,True,False
그리움,61,600,energy_proxy,negative_control,0.0655,0.522588,0.751717,False,False,False
자유,59,602,intensity,verified,0.2865,0.0312764,0.145009,False,False,False
자유,59,602,energy_full,verified,0.0538,0.694117,0.836879,False,False,False
자유,59,602,i_mean,verified,0.2567,0.0587677,0.213603,False,False,False
자유,59,602,i_std,verified,-0.2951,0.033919,0.153221,False,False,False
자유,59,602,i_min,verified,0.332,0.00904382,0.0709592,False,True,False
자유,59,602,i_max,verified,-0.0114,0.89966,0.944088,False,False,False
자유,59,602,i_start,verified,0.0773,0.526531,0.751717,False,False,False
자유,59,602,i_end,verified,0.133,0.160916,0.392666,False,False,False
자유,59,602,mode_score,verified,-0.3472,0.0065201,0.0628185,False,True,False
자유,59,602,bpm,verified,-0.1399,0.269291,0.520222,False,False,False
자유,59,602,acousticness_proxy,exploratory,-0.2917,0.039677,0.172951,False,False,False
자유,59,602,instrumentalness_proxy,exploratory,0.2283,0.101922,0.300463,False,False,False
자유,59,602,cen_mean,librosa_direct,0.2417,0.0714241,0.24644,False,False,False
자유,59,602,cen_p90,librosa_direct,0.1572,0.250514,0.509013,False,False,False
자유,59,602,roll_mean,librosa_direct,0.2606,0.033949,0.153221,False,False,False
자유,59,602,roll_p90,librosa_direct,0.1351,0.350626,0.60715,False,False,False
자유,59,602,bw_mean,librosa_direct,0.2454,0.0451219,0.187413,False,False,False
자유,59,602,bw_p90,librosa_direct,0.1879,0.147496,0.385366,False,False,False
자유,59,602,flat_mean,librosa_direct,0.2309,0.0523876,0.201104,False,False,False
자유,59,602,flat_p90,librosa_direct,0.2549,0.0766233,0.258794,False,False,False
자유,59,602,contrast_mean,librosa_direct,-0.438,0.0011858,0.0172788,True,True,True
자유,59,602,contrast_p90,librosa_direct,-0.4163,0.000918309,0.0146355,True,True,True
자유,59,602,zcr_mean,librosa_direct,0.1979,0.098382,0.292582,False,False,False
자유,59,602,zcr_p90,librosa_direct,0.1022,0.46662,0.702991,False,False,False
자유,59,602,perc_mean,librosa_direct,0.27,0.0462051,0.190037,False,False,False
자유,59,602,perc_p90,librosa_direct,0.06,0.626865,0.795276,False,False,False
자유,59,602,perc_p95,librosa_direct,0.0007,0.967804,0.979901,False,False,False
자유,59,602,onset_mean,librosa_direct,-0.2438,0.148698,0.385366,False,False,False
자유,59,602,onset_p90,librosa_direct,-0.3356,0.0146578,0.0921191,False,True,False
자유,59,602,onset_rate,librosa_direct,-0.1004,0.539674,0.759043,False,False,False
자유,59,602,rms_mean,librosa_direct,0.1537,0.151124,0.385366,False,False,False
자유,59,602,rms_p90,librosa_direct,0.1964,0.0590549,0.213603,False,False,False
자유,58,600,energy,negative_control,0.1685,0.220023,0.469505,False,False,False
자유,59,602,energy_proxy,negative_control,-0.4207,0.00158092,0.0223964,True,True,True
절망,59,602,intensity,verified,-0.1165,0.367099,0.616163,False,False,False
절망,59,602,energy_full,verified,-0.1001,0.467728,0.702991,False,False,False
절망,59,602,i_mean,verified,-0.1659,0.246123,0.506258,False,False,False
절망,59,602,i_std,verified,-0.0206,0.876521,0.934597,False,False,False
절망,59,602,i_min,verified,-0.2343,0.0841594,0.273529,False,False,False
절망,59,602,i_max,verified,-0.2257,0.218761,0.468775,False,False,False
절망,59,602,i_start,verified,-0.1393,0.377821,0.627426,False,False,False
절망,59,602,i_end,verified,-0.055,0.572259,0.774143,False,False,False
절망,59,602,mode_score,verified,-0.2653,0.0570684,0.212187,False,False,False
절망,59,602,bpm,verified,-0.1443,0.320725,0.571923,False,False,False
절망,59,602,acousticness_proxy,exploratory,0.0619,0.682023,0.834128,False,False,False
절망,59,602,instrumentalness_proxy,exploratory,-0.0036,0.95101,0.970031,False,False,False
절망,59,602,cen_mean,librosa_direct,-0.1354,0.273601,0.524573,False,False,False
절망,59,602,cen_p90,librosa_direct,-0.0703,0.653434,0.822283,False,False,False
절망,59,602,roll_mean,librosa_direct,-0.0592,0.675744,0.831979,False,False,False
절망,59,602,roll_p90,librosa_direct,0.0165,0.927423,0.958853,False,False,False
절망,59,602,bw_mean,librosa_direct,-0.0462,0.749744,0.871001,False,False,False
절망,59,602,bw_p90,librosa_direct,0.0308,0.808918,0.906699,False,False,False
절망,59,602,flat_mean,librosa_direct,-0.1651,0.248165,0.506258,False,False,False
절망,59,602,flat_p90,librosa_direct,-0.0837,0.502566,0.736519,False,False,False
절망,59,602,contrast_mean,librosa_direct,-0.1125,0.271104,0.521748,False,False,False
절망,59,602,contrast_p90,librosa_direct,-0.0105,0.780816,0.892861,False,False,False
절망,59,602,zcr_mean,librosa_direct,-0.2613,0.0415692,0.176669,False,False,False
절망,59,602,zcr_p90,librosa_direct,-0.2173,0.119539,0.334973,False,False,False
절망,59,602,perc_mean,librosa_direct,-0.0297,0.930264,0.958853,False,False,False
절망,59,602,perc_p90,librosa_direct,-0.0911,0.601267,0.785579,False,False,False
절망,59,602,perc_p95,librosa_direct,-0.1053,0.488558,0.722216,False,False,False
절망,59,602,onset_mean,librosa_direct,0.0315,0.615765,0.789046,False,False,False
절망,59,602,onset_p90,librosa_direct,-0.1381,0.216894,0.466734,False,False,False
절망,59,602,onset_rate,librosa_direct,-0.0436,0.72925,0.864924,False,False,False
절망,59,602,rms_mean,librosa_direct,-0.0369,0.968373,0.979901,False,False,False
절망,59,602,rms_p90,librosa_direct,0.1046,0.182161,0.422283,False,False,False
절망,59,599,energy,negative_control,-0.0708,0.602277,0.785579,False,False,False
절망,59,602,energy_proxy,negative_control,-0.218,0.304112,0.553112,False,False,False
불안,52,609,intensity,verified,0.1394,0.284201,0.528987,False,False,False
불안,52,609,energy_full,verified,0.1191,0.410637,0.652413,False,False,False
불안,52,609,i_mean,verified,0.1728,0.198382,0.441811,False,False,False
불안,52,609,i_std,verified,0.0237,0.806649,0.906147,False,False,False
불안,52,609,i_min,verified,0.1852,0.183999,0.424612,False,False,False
불안,52,609,i_max,verified,0.2086,0.174328,0.411607,False,False,False
불안,52,609,i_start,verified,0.312,0.0390958,0.171887,False,True,False
불안,52,609,i_end,verified,0.1165,0.317584,0.57031,False,False,False
불안,52,609,mode_score,verified,-0.102,0.378916,0.627426,False,False,False
불안,52,609,bpm,verified,-0.0892,0.692902,0.836879,False,False,False
불안,52,609,acousticness_proxy,exploratory,0.0025,0.930366,0.958853,False,False,False
불안,52,609,instrumentalness_proxy,exploratory,0.1191,0.567598,0.773853,False,False,False
불안,52,609,cen_mean,librosa_direct,0.1017,0.254694,0.513415,False,False,False
불안,52,609,cen_p90,librosa_direct,0.1783,0.188408,0.430888,False,False,False
불안,52,609,roll_mean,librosa_direct,0.1526,0.201168,0.443628,False,False,False
불안,52,609,roll_p90,librosa_direct,0.1805,0.165609,0.398398,False,False,False
불안,52,609,bw_mean,librosa_direct,0.2091,0.210936,0.457777,False,False,False
불안,52,609,bw_p90,librosa_direct,0.2533,0.0869431,0.278874,False,False,False
불안,52,609,flat_mean,librosa_direct,0.1104,0.304754,0.553112,False,False,False
불안,52,609,flat_p90,librosa_direct,0.1883,0.158353,0.390532,False,False,False
불안,52,609,contrast_mean,librosa_direct,-0.358,0.0218162,0.113496,False,True,False
불안,52,609,contrast_p90,librosa_direct,-0.3651,0.0212995,0.113154,False,True,False
불안,52,609,zcr_mean,librosa_direct,-0.0138,0.845536,0.927362,False,False,False
불안,52,609,zcr_p90,librosa_direct,0.057,0.543237,0.759043,False,False,False
불안,52,609,perc_mean,librosa_direct,0.1969,0.360947,0.611571,False,False,False
불안,52,609,perc_p90,librosa_direct,0.0578,0.936382,0.962652,False,False,False
불안,52,609,perc_p95,librosa_direct,0.0141,0.890181,0.939056,False,False,False
불안,52,609,onset_mean,librosa_direct,0.169,0.37422,0.625745,False,False,False
불안,52,609,onset_p90,librosa_direct,0.0803,0.839026,0.926197,False,False,False
불안,52,609,onset_rate,librosa_direct,-0.284,0.0574154,0.212187,False,False,False
불안,52,609,rms_mean,librosa_direct,0.1488,0.395319,0.63812,False,False,False
불안,52,609,rms_p90,librosa_direct,0.1608,0.310493,0.561531,False,False,False
불안,50,608,energy,negative_control,0.0748,0.610843,0.788972,False,False,False
불안,52,609,energy_proxy,negative_control,-0.0035,0.410637,0.652413,False,False,False
열정,44,617,intensity,verified,0.4291,0.00674448,0.0628185,False,True,False
열정,44,617,energy_full,verified,0.3867,0.0135504,0.0885985,False,True,False
열정,44,617,i_mean,verified,0.3363,0.0524447,0.201104,False,True,False
열정,44,617,i_std,verified,-0.0376,0.881454,0.934597,False,False,False
열정,44,617,i_min,verified,0.2499,0.113563,0.325378,False,False,False
열정,44,617,i_max,verified,0.2061,0.071516,0.24644,False,False,False
열정,44,617,i_start,verified,0.1234,0.458361,0.693662,False,False,False
열정,44,617,i_end,verified,0.3365,0.0168244,0.0971681,False,True,False
열정,44,617,mode_score,verified,-0.1078,0.408735,0.652413,False,False,False
열정,44,617,bpm,verified,-0.0042,0.886616,0.93812,False,False,False
열정,44,617,acousticness_proxy,exploratory,-0.4508,0.0051247,0.0556085,False,True,False
열정,44,617,instrumentalness_proxy,exploratory,0.2912,0.107362,0.314682,False,False,False
열정,44,617,cen_mean,librosa_direct,0.2406,0.196255,0.439268,False,False,False
열정,44,617,cen_p90,librosa_direct,0.2357,0.159276,0.390532,False,False,False
열정,44,617,roll_mean,librosa_direct,0.185,0.280213,0.527981,False,False,False
열정,44,617,roll_p90,librosa_direct,0.2533,0.0965776,0.289733,False,False,False
열정,44,617,bw_mean,librosa_direct,0.0996,0.623069,0.793864,False,False,False
열정,44,617,bw_p90,librosa_direct,0.1442,0.290156,0.538108,False,False,False
열정,44,617,flat_mean,librosa_direct,0.4054,0.00733101,0.0646952,False,True,False
열정,44,617,flat_p90,librosa_direct,0.3048,0.0493433,0.196346,False,True,False
열정,44,617,contrast_mean,librosa_direct,-0.5759,0.000159124,0.00450852,True,True,True
열정,44,617,contrast_p90,librosa_direct,-0.5218,0.000898822,0.0146355,True,True,True
열정,44,617,zcr_mean,librosa_direct,0.4109,0.0151436,0.0921191,False,True,False
열정,44,617,zcr_p90,librosa_direct,0.3483,0.0479366,0.195581,False,True,False
열정,44,617,perc_mean,librosa_direct,0.5484,0.00015705,0.00450852,True,True,True
열정,44,617,perc_p90,librosa_direct,0.4027,0.00782895,0.0675033,False,True,False
열정,44,617,perc_p95,librosa_direct,0.3443,0.0217847,0.113496,False,True,False
열정,44,617,onset_mean,librosa_direct,0.0886,0.0956054,0.288513,False,False,False
열정,44,617,onset_p90,librosa_direct,0.0107,0.391124,0.63631,False,False,False
열정,44,617,onset_rate,librosa_direct,-0.0402,0.793405,0.900979,False,False,False
열정,44,617,rms_mean,librosa_direct,0.0617,0.860864,0.934597,False,False,False
열정,44,617,rms_p90,librosa_direct,-0.0046,0.930652,0.958853,False,False,False
열정,44,614,energy,negative_control,0.0928,0.551973,0.764302,False,False,False
열정,44,617,energy_proxy,negative_control,-0.1549,0.342154,0.597598,False,False,False
설렘,41,620,intensity,verified,0.2004,0.21308,0.460469,False,False,False
설렘,41,620,energy_full,verified,0.4394,0.00677454,0.0628185,False,True,False
설렘,41,620,i_mean,verified,0.1754,0.326261,0.577754,False,False,False
설렘,41,620,i_std,verified,0.4061,0.00073293,0.0128895,True,True,True
설렘,41,620,i_min,verified,0.0339,0.801967,0.902877,False,False,False
설렘,41,620,i_max,verified,0.4687,0.00208677,0.0280066,True,True,True
설렘,41,620,i_start,verified,0.3564,0.0290741,0.137788,False,True,False
설렘,41,620,i_end,verified,-0.0286,0.945803,0.967475,False,False,False
설렘,41,620,mode_score,verified,0.1691,0.263365,0.518594,False,False,False
설렘,41,620,bpm,verified,0.0522,0.826225,0.920032,False,False,False
설렘,41,620,acousticness_proxy,exploratory,-0.2926,0.0500489,0.196346,False,False,False
설렘,41,620,instrumentalness_proxy,exploratory,-0.1384,0.351194,0.60715,False,False,False
설렘,41,620,cen_mean,librosa_direct,0.2049,0.261208,0.518594,False,False,False
설렘,41,620,cen_p90,librosa_direct,0.3053,0.0745772,0.255264,False,True,False
설렘,41,620,roll_mean,librosa_direct,0.1453,0.408637,0.652413,False,False,False
설렘,41,620,roll_p90,librosa_direct,0.1711,0.358873,0.611571,False,False,False
설렘,41,620,bw_mean,librosa_direct,0.0924,0.557559,0.766456,False,False,False
설렘,41,620,bw_p90,librosa_direct,0.1008,0.538435,0.759043,False,False,False
설렘,41,620,flat_mean,librosa_direct,0.1729,0.181438,0.422283,False,False,False
설렘,41,620,flat_p90,librosa_direct,0.23,0.132482,0.353747,False,False,False
설렘,41,620,contrast_mean,librosa_direct,0.052,0.563817,0.772605,False,False,False
설렘,41,620,contrast_p90,librosa_direct,-0.0017,0.836425,0.926197,False,False,False
설렘,41,620,zcr_mean,librosa_direct,0.3066,0.079227,0.262375,False,True,False
설렘,41,620,zcr_p90,librosa_direct,0.3349,0.0568722,0.212187,False,True,False
설렘,41,620,perc_mean,librosa_direct,0.2813,0.0786511,0.26217,False,False,False
설렘,41,620,perc_p90,librosa_direct,0.3514,0.0402094,0.173787,False,True,False
설렘,41,620,perc_p95,librosa_direct,0.3835,0.0275531,0.133829,False,True,False
설렘,41,620,onset_mean,librosa_direct,0.3396,0.0196147,0.108734,False,True,False
설렘,41,620,onset_p90,librosa_direct,0.506,0.0002024,0.00516121,True,True,True
설렘,41,620,onset_rate,librosa_direct,0.4249,0.00798179,0.0675033,False,True,False
설렘,41,620,rms_mean,librosa_direct,-0.2556,0.0500489,0.196346,False,False,False
설렘,41,620,rms_p90,librosa_direct,-0.3224,0.0279719,0.134582,False,True,False
설렘,41,617,energy,negative_control,-0.2557,0.112806,0.325378,False,False,False
설렘,41,620,energy_proxy,negative_control,0.0656,0.878187,0.934597,False,False,False
행복,40,621,intensity,verified,0.1932,0.247937,0.506258,False,False,False
행복,40,621,energy_full,verified,0.4388,0.0073575,0.0646952,False,True,False
행복,40,621,i_mean,verified,0.1139,0.565062,0.772605,False,False,False
행복,40,621,i_std,verified,-0.1425,0.746442,0.871001,False,False,False
행복,40,621,i_min,verified,0.1975,0.478572,0.713659,False,False,False
행복,40,621,i_max,verified,0.028,0.598439,0.785579,False,False,False
행복,40,621,i_start,verified,0.1226,0.551282,0.764302,False,False,False
행복,40,621,i_end,verified,0.1401,0.552995,0.764302,False,False,False
행복,40,621,mode_score,verified,0.3664,0.0127845,0.0876273,False,True,False
행복,40,621,bpm,verified,0.2905,0.127255,0.348182,False,False,False
행복,40,621,acousticness_proxy,exploratory,-0.1404,0.320677,0.571923,False,False,False
행복,40,621,instrumentalness_proxy,exploratory,0.2192,0.125708,0.346545,False,False,False
행복,40,621,cen_mean,librosa_direct,0.118,0.606175,0.788568,False,False,False
행복,40,621,cen_p90,librosa_direct,0.0779,0.798068,0.902471,False,False,False
행복,40,621,roll_mean,librosa_direct,0.0731,0.821241,0.916483,False,False,False
행복,40,621,roll_p90,librosa_direct,-0.0576,0.576954,0.774965,False,False,False
행복,40,621,bw_mean,librosa_direct,0.0536,0.880827,0.934597,False,False,False
행복,40,621,bw_p90,librosa_direct,-0.0874,0.611557,0.788972,False,False,False
행복,40,621,flat_mean,librosa_direct,0.0449,0.624195,0.793864,False,False,False
행복,40,621,flat_p90,librosa_direct,0.0401,0.670221,0.830177,False,False,False
행복,40,621,contrast_mean,librosa_direct,0.1947,0.209672,0.456977,False,False,False
행복,40,621,contrast_p90,librosa_direct,0.0996,0.348041,0.605806,False,False,False
행복,40,621,zcr_mean,librosa_direct,0.3473,0.020356,0.11163,False,True,False
행복,40,621,zcr_p90,librosa_direct,0.3528,0.0206079,0.111809,False,True,False
행복,40,621,perc_mean,librosa_direct,0.3518,0.0220317,0.113496,False,True,False
행복,40,621,perc_p90,librosa_direct,0.3799,0.00418488,0.0508164,False,True,False
행복,40,621,perc_p95,librosa_direct,0.3645,0.00411766,0.0508164,False,True,False
행복,40,621,onset_mean,librosa_direct,0.1575,0.0153532,0.0921191,False,False,False
행복,40,621,onset_p90,librosa_direct,0.2864,0.000856938,0.0145679,True,False,False
행복,40,621,onset_rate,librosa_direct,0.25,0.118087,0.333327,False,False,False
행복,40,621,rms_mean,librosa_direct,-0.1732,0.35957,0.611571,False,False,False
행복,40,621,rms_p90,librosa_direct,-0.2841,0.0620256,0.221748,False,False,False
행복,40,618,energy,negative_control,-0.0891,0.586048,0.780377,False,False,False
행복,40,621,energy_proxy,negative_control,0.2288,0.0451995,0.187413,False,False,False
도전,37,624,intensity,verified,0.256,0.14928,0.385366,False,False,False
도전,37,624,energy_full,verified,0.1852,0.275967,0.525161,False,False,False
도전,37,624,i_mean,verified,0.2866,0.124537,0.345185,False,False,False
도전,37,624,i_std,verified,-0.1076,0.359796,0.611571,False,False,False
도전,37,624,i_min,verified,0.317,0.129167,0.348545,False,True,False
도전,37,624,i_max,verified,0.2491,0.14978,0.385366,False,False,False
도전,37,624,i_start,verified,0.0794,0.84163,0.927065,False,False,False
도전,37,624,i_end,verified,0.1585,0.541822,0.759043,False,False,False
도전,37,624,mode_score,verified,0.2359,0.166753,0.399267,False,False,False
도전,37,624,bpm,verified,0.3337,0.0414957,0.176669,False,True,False
도전,37,624,acousticness_proxy,exploratory,-0.3542,0.030583,0.143095,False,True,False
도전,37,624,instrumentalness_proxy,exploratory,0.2821,0.0893107,0.281163,False,False,False
도전,37,624,cen_mean,librosa_direct,0.1939,0.49759,0.733441,False,False,False
도전,37,624,cen_p90,librosa_direct,0.0916,0.724678,0.861506,False,False,False
도전,37,624,roll_mean,librosa_direct,0.2247,0.275187,0.525161,False,False,False
도전,37,624,roll_p90,librosa_direct,0.1374,0.508029,0.738162,False,False,False
도전,37,624,bw_mean,librosa_direct,0.1833,0.367282,0.616163,False,False,False
도전,37,624,bw_p90,librosa_direct,0.1507,0.529567,0.75231,False,False,False
도전,37,624,flat_mean,librosa_direct,0.2922,0.0920148,0.286144,False,False,False
도전,37,624,flat_p90,librosa_direct,0.2242,0.264419,0.518669,False,False,False
도전,37,624,contrast_mean,librosa_direct,-0.4209,0.015245,0.0921191,False,True,False
도전,37,624,contrast_p90,librosa_direct,-0.3095,0.0878192,0.279924,False,True,False
도전,37,624,zcr_mean,librosa_direct,0.2334,0.259146,0.518594,False,False,False
도전,37,624,zcr_p90,librosa_direct,0.1542,0.507742,0.738162,False,False,False
도전,37,624,perc_mean,librosa_direct,0.4255,0.00946298,0.0709724,False,True,False
도전,37,624,perc_p90,librosa_direct,0.3961,0.0291787,0.137788,False,True,False
도전,37,624,perc_p95,librosa_direct,0.3379,0.0947836,0.287736,False,True,False
도전,37,624,onset_mean,librosa_direct,0.0595,0.676754,0.831979,False,False,False
도전,37,624,onset_p90,librosa_direct,-0.0166,0.333028,0.58567,False,False,False
도전,37,624,onset_rate,librosa_direct,-0.1176,0.420311,0.661134,False,False,False
도전,37,624,rms_mean,librosa_direct,0.1354,0.177039,0.416082,False,False,False
도전,37,624,rms_p90,librosa_direct,0.0707,0.524936,0.751717,False,False,False
도전,37,621,energy,negative_control,0.285,0.0928114,0.286872,False,False,False
도전,37,624,energy_proxy,negative_control,-0.1296,0.15901,0.390532,False,False,False
성장,36,625,intensity,verified,0.0047,0.864939,0.934597,False,False,False
성장,36,625,energy_full,verified,0.0503,0.77566,0.89096,False,False,False
성장,36,625,i_mean,verified,0.0115,0.746939,0.871001,False,False,False
성장,36,625,i_std,verified,-0.0615,0.263214,0.518594,False,False,False
성장,36,625,i_min,verified,0.1452,0.600151,0.785579,False,False,False
성장,36,625,i_max,verified,0.0565,0.903199,0.945855,False,False,False
성장,36,625,i_start,verified,0.106,0.759208,0.879991,False,False,False
성장,36,625,i_end,verified,-0.0205,0.701191,0.843414,False,False,False
성장,36,625,mode_score,verified,0.0184,0.737441,0.87059,False,False,False
성장,36,625,bpm,verified,0.1694,0.190546,0.432409,False,False,False
성장,36,625,acousticness_proxy,exploratory,-0.0364,0.794981,0.900979,False,False,False
성장,36,625,instrumentalness_proxy,exploratory,0.0646,0.870236,0.934597,False,False,False
성장,36,625,cen_mean,librosa_direct,-0.0215,0.678705,0.832067,False,False,False
성장,36,625,cen_p90,librosa_direct,-0.0812,0.591131,0.784352,False,False,False
성장,36,625,roll_mean,librosa_direct,-0.073,0.450602,0.685992,False,False,False
성장,36,625,roll_p90,librosa_direct,-0.1358,0.296116,0.54717,False,False,False
성장,36,625,bw_mean,librosa_direct,-0.0694,0.48302,0.718192,False,False,False
성장,36,625,bw_p90,librosa_direct,-0.1572,0.185977,0.427243,False,False,False
성장,36,625,flat_mean,librosa_direct,-0.0257,0.838199,0.926197,False,False,False
성장,36,625,flat_p90,librosa_direct,0.0041,0.938114,0.962652,False,False,False
성장,36,625,contrast_mean,librosa_direct,0.0397,0.579406,0.775583,False,False,False
성장,36,625,contrast_p90,librosa_direct,0.0596,0.684631,0.835315,False,False,False
성장,36,625,zcr_mean,librosa_direct,0.0529,0.76605,0.883904,False,False,False
성장,36,625,zcr_p90,librosa_direct,-0.0271,0.771187,0.887822,False,False,False
성장,36,625,perc_mean,librosa_direct,0.0269,0.843814,0.927362,False,False,False
성장,36,625,perc_p90,librosa_direct,0.0604,0.74898,0.871001,False,False,False
성장,36,625,perc_p95,librosa_direct,0.0577,0.736087,0.87059,False,False,False
성장,36,625,onset_mean,librosa_direct,0.0591,0.163745,0.396611,False,False,False
성장,36,625,onset_p90,librosa_direct,0.1004,0.329454,0.581389,False,False,False
성장,36,625,onset_rate,librosa_direct,0.086,0.667567,0.830177,False,False,False
성장,36,625,rms_mean,librosa_direct,0.0828,0.56901,0.773853,False,False,False
성장,36,625,rms_p90,librosa_direct,-0.0241,0.704521,0.845425,False,False,False
성장,36,622,energy,negative_control,0.1546,0.366455,0.616163,False,False,False
성장,36,625,energy_proxy,negative_control,0.0155,0.691237,0.836879,False,False,False
우정,28,633,intensity,verified,-0.0111,0.918243,0.957677,False,False,False
우정,28,633,energy_full,verified,0.0541,0.785202,0.893869,False,False,False
우정,28,633,i_mean,verified,-0.1603,0.33643,0.58962,False,False,False
우정,28,633,i_std,verified,-0.0303,0.670653,0.830177,False,False,False
우정,28,633,i_min,verified,-0.0055,0.953629,0.97066,False,False,False
우정,28,633,i_max,verified,-0.0781,0.749677,0.871001,False,False,False
우정,28,633,i_start,verified,-0.0138,0.440338,0.680522,False,False,False
우정,28,633,i_end,verified,-0.1132,0.518463,0.749528,False,False,False
우정,28,633,mode_score,verified,0.4654,0.012982,0.0876273,False,True,False
우정,28,633,bpm,verified,-0.0347,0.855533,0.934307,False,False,False
우정,28,633,acousticness_proxy,exploratory,-0.055,0.656705,0.822283,False,False,False
우정,28,633,instrumentalness_proxy,exploratory,0.0166,0.852382,0.932864,False,False,False
우정,28,633,cen_mean,librosa_direct,-0.1132,0.381421,0.629529,False,False,False
우정,28,633,cen_p90,librosa_direct,-0.1512,0.390285,0.63631,False,False,False
우정,28,633,roll_mean,librosa_direct,-0.2103,0.196379,0.439268,False,False,False
우정,28,633,roll_p90,librosa_direct,-0.215,0.283038,0.528751,False,False,False
우정,28,633,bw_mean,librosa_direct,-0.2535,0.155499,0.390532,False,False,False
우정,28,633,bw_p90,librosa_direct,-0.2993,0.141034,0.370761,False,False,False
우정,28,633,flat_mean,librosa_direct,-0.063,0.881422,0.934597,False,False,False
우정,28,633,flat_p90,librosa_direct,-0.0875,0.692907,0.836879,False,False,False
우정,28,633,contrast_mean,librosa_direct,0.3061,0.0572035,0.212187,False,True,False
우정,28,633,contrast_p90,librosa_direct,0.2459,0.118298,0.333327,False,False,False
우정,28,633,zcr_mean,librosa_direct,0.16,0.316003,0.569475,False,False,False
우정,28,633,zcr_p90,librosa_direct,0.1218,0.487824,0.722216,False,False,False
우정,28,633,perc_mean,librosa_direct,0.0195,0.972974,0.982039,False,False,False
우정,28,633,perc_p90,librosa_direct,0.2369,0.227826,0.478154,False,False,False
우정,28,633,perc_p95,librosa_direct,0.2971,0.158762,0.390532,False,False,False
우정,28,633,onset_mean,librosa_direct,-0.1148,0.574957,0.774965,False,False,False
우정,28,633,onset_p90,librosa_direct,0.1044,0.397578,0.639637,False,False,False
우정,28,633,onset_rate,librosa_direct,0.3172,0.084204,0.273529,False,True,False
우정,28,633,rms_mean,librosa_direct,-0.2522,0.427564,0.668889,False,False,False
우정,28,633,rms_p90,librosa_direct,-0.2527,0.196029,0.439268,False,False,False
우정,28,630,energy,negative_control,-0.114,0.556692,0.766456,False,False,False
우정,28,633,energy_proxy,negative_control,0.0223,0.990721,0.992667,False,False,False
용기,28,633,intensity,verified,-0.1872,0.237724,0.494854,False,False,False
용기,28,633,energy_full,verified,-0.1477,0.449074,0.685712,False,False,False
용기,28,633,i_mean,verified,0.015,0.880624,0.934597,False,False,False
용기,28,633,i_std,verified,-0.0895,0.541984,0.759043,False,False,False
용기,28,633,i_min,verified,0.1082,0.68769,0.836879,False,False,False
용기,28,633,i_max,verified,-0.0474,0.879826,0.934597,False,False,False
용기,28,633,i_start,verified,0.1971,0.247922,0.506258,False,False,False
용기,28,633,i_end,verified,-0.0356,0.748527,0.871001,False,False,False
용기,28,633,mode_score,verified,-0.0214,0.876238,0.934597,False,False,False
용기,28,633,bpm,verified,-0.098,0.709696,0.849636,False,False,False
용기,28,633,acousticness_proxy,exploratory,0.6385,0.000359198,0.00872337,True,True,True
용기,28,633,instrumentalness_proxy,exploratory,-0.2996,0.131204,0.352179,False,False,False
용기,28,633,cen_mean,librosa_direct,0.1553,0.22627,0.476851,False,False,False
용기,28,633,cen_p90,librosa_direct,0.1097,0.390285,0.63631,False,False,False
용기,28,633,roll_mean,librosa_direct,0.0223,0.800794,0.902877,False,False,False
용기,28,633,roll_p90,librosa_direct,-0.0661,0.712782,0.851332,False,False,False
용기,28,633,bw_mean,librosa_direct,-0.0075,0.929488,0.958853,False,False,False
용기,28,633,bw_p90,librosa_direct,-0.1109,0.527676,0.751717,False,False,False
용기,28,633,flat_mean,librosa_direct,-0.2371,0.253344,0.512719,False,False,False
용기,28,633,flat_p90,librosa_direct,-0.3042,0.172331,0.408785,False,True,False
용기,28,633,contrast_mean,librosa_direct,0.5533,0.000448574,0.00956852,True,True,True
용기,28,633,contrast_p90,librosa_direct,0.4313,0.003556,0.0453391,True,True,True
용기,28,633,zcr_mean,librosa_direct,0.0704,0.548368,0.764119,False,False,False
용기,28,633,zcr_p90,librosa_direct,0.0842,0.453009,0.687602,False,False,False
용기,28,633,perc_mean,librosa_direct,-0.7056,0.000599473,0.0110613,True,True,True
용기,28,633,perc_p90,librosa_direct,-0.7737,0.000450283,0.00956852,True,True,True
용기,28,633,perc_p95,librosa_direct,-0.7521,0.00051407,0.0100837,True,True,True
용기,28,633,onset_mean,librosa_direct,0.0826,0.598622,0.785579,False,False,False
용기,28,633,onset_p90,librosa_direct,0.1284,0.524376,0.751717,False,False,False
용기,28,633,onset_rate,librosa_direct,0.1732,0.378676,0.627426,False,False,False
용기,28,633,rms_mean,librosa_direct,0.0606,0.447863,0.685712,False,False,False
용기,28,633,rms_p90,librosa_direct,-0.085,0.911824,0.952931,False,False,False
용기,28,630,energy,negative_control,0.1647,0.395384,0.63812,False,False,False
용기,28,633,energy_proxy,negative_control,0.4812,0.00508166,0.0556085,False,True,False
혼란,24,637,intensity,verified,0.1024,0.607662,0.788568,False,False,False
혼란,24,637,energy_full,verified,-0.112,0.585759,0.780377,False,False,False
혼란,24,637,i_mean,verified,0.0567,0.838222,0.926197,False,False,False
혼란,24,637,i_std,verified,0.1607,0.391767,0.63631,False,False,False
혼란,24,637,i_min,verified,-0.0474,0.593647,0.784352,False,False,False
혼란,24,637,i_max,verified,0.2567,0.268353,0.520222,False,False,False
혼란,24,637,i_start,verified,-0.0928,0.946608,0.967475,False,False,False
혼란,24,637,i_end,verified,0.4103,0.447551,0.685712,False,True,False
혼란,24,637,mode_score,verified,-0.5745,0.00590026,0.0594341,False,True,False
혼란,24,637,bpm,verified,-0.2286,0.416444,0.659585,False,False,False
혼란,24,637,acousticness_proxy,exploratory,-0.2819,0.138779,0.366721,False,False,False
혼란,24,637,instrumentalness_proxy,exploratory,0.1457,0.421309,0.661134,False,False,False
혼란,24,637,cen_mean,librosa_direct,-0.2227,0.223251,0.474408,False,False,False
혼란,24,637,cen_p90,librosa_direct,-0.2032,0.261354,0.518594,False,False,False
혼란,24,637,roll_mean,librosa_direct,-0.2744,0.190769,0.432409,False,False,False
혼란,24,637,roll_p90,librosa_direct,-0.2229,0.299644,0.547737,False,False,False
혼란,24,637,bw_mean,librosa_direct,-0.3954,0.128349,0.348182,False,True,False
혼란,24,637,bw_p90,librosa_direct,-0.2959,0.17091,0.407308,False,False,False
혼란,24,637,flat_mean,librosa_direct,0.2803,0.262744,0.518594,False,False,False
혼란,24,637,flat_p90,librosa_direct,0.0972,0.468661,0.702991,False,False,False
혼란,24,637,contrast_mean,librosa_direct,-0.9198,1.06735e-06,6.80434e-05,True,True,True
혼란,24,637,contrast_p90,librosa_direct,-0.8793,3.08057e-06,0.000157109,True,True,True
혼란,24,637,zcr_mean,librosa_direct,-0.1142,0.421311,0.661134,False,False,False
혼란,24,637,zcr_p90,librosa_direct,-0.0523,0.592129,0.784352,False,False,False
혼란,24,637,perc_mean,librosa_direct,0.5347,0.0117635,0.0844984,False,True,False
혼란,24,637,perc_p90,librosa_direct,0.3835,0.075645,0.257193,False,True,False
혼란,24,637,perc_p95,librosa_direct,0.3608,0.0911386,0.285158,False,True,False
혼란,24,637,onset_mean,librosa_direct,0.1453,0.29763,0.547737,False,False,False
혼란,24,637,onset_p90,librosa_direct,-0.0017,0.893024,0.939056,False,False,False
혼란,24,637,onset_rate,librosa_direct,-0.0455,0.921499,0.958853,False,False,False
혼란,24,637,rms_mean,librosa_direct,0.5356,0.00853277,0.0688718,False,True,False
혼란,24,637,rms_p90,librosa_direct,0.5716,0.00864273,0.0688718,False,True,False
혼란,24,634,energy,negative_control,0.5145,0.0138189,0.0892109,False,True,False
혼란,24,637,energy_proxy,negative_control,0.0326,0.743507,0.871001,False,False,False
__SAD_FAMILY_vs_HAPPY_FAMILY__,108,58,intensity,verified,-0.1422,0.442998,0.682565,False,False,False
__SAD_FAMILY_vs_HAPPY_FAMILY__,108,58,energy_full,verified,-0.4693,0.0162599,0.0964251,False,True,False
__SAD_FAMILY_vs_HAPPY_FAMILY__,108,58,i_mean,verified,-0.0665,0.955434,0.97066,False,False,False
__SAD_FAMILY_vs_HAPPY_FAMILY__,108,58,i_std,verified,0.0943,0.612614,0.788972,False,False,False
__SAD_FAMILY_vs_HAPPY_FAMILY__,108,58,i_min,verified,-0.2798,0.299226,0.547737,False,False,False
__SAD_FAMILY_vs_HAPPY_FAMILY__,108,58,i_max,verified,-0.1428,0.643855,0.814804,False,False,False
__SAD_FAMILY_vs_HAPPY_FAMILY__,108,58,i_start,verified,-0.2101,0.434986,0.67635,False,False,False
__SAD_FAMILY_vs_HAPPY_FAMILY__,108,58,i_end,verified,-0.2482,0.540974,0.759043,False,False,False
__SAD_FAMILY_vs_HAPPY_FAMILY__,108,58,mode_score,verified,-0.509,0.00103716,0.0159387,True,True,True
__SAD_FAMILY_vs_HAPPY_FAMILY__,108,58,bpm,verified,-0.352,0.0490623,0.196346,False,True,False
__SAD_FAMILY_vs_HAPPY_FAMILY__,108,58,acousticness_proxy,exploratory,0.0532,0.785124,0.893869,False,False,False
__SAD_FAMILY_vs_HAPPY_FAMILY__,108,58,instrumentalness_proxy,exploratory,-0.0835,0.620956,0.793704,False,False,False
__SAD_FAMILY_vs_HAPPY_FAMILY__,108,58,cen_mean,librosa_direct,-0.0869,0.779921,0.892861,False,False,False
__SAD_FAMILY_vs_HAPPY_FAMILY__,108,58,cen_p90,librosa_direct,0.0005,0.880198,0.934597,False,False,False
__SAD_FAMILY_vs_HAPPY_FAMILY__,108,58,roll_mean,librosa_direct,0.0324,0.614993,0.789046,False,False,False
__SAD_FAMILY_vs_HAPPY_FAMILY__,108,58,roll_p90,librosa_direct,0.1953,0.156831,0.390532,False,False,False
__SAD_FAMILY_vs_HAPPY_FAMILY__,108,58,bw_mean,librosa_direct,0.061,0.577425,0.774965,False,False,False
__SAD_FAMILY_vs_HAPPY_FAMILY__,108,58,bw_p90,librosa_direct,0.2657,0.0856384,0.276428,False,False,False
__SAD_FAMILY_vs_HAPPY_FAMILY__,108,58,flat_mean,librosa_direct,-0.1461,0.518791,0.749528,False,False,False
__SAD_FAMILY_vs_HAPPY_FAMILY__,108,58,flat_p90,librosa_direct,-0.0014,0.880198,0.934597,False,False,False
__SAD_FAMILY_vs_HAPPY_FAMILY__,108,58,contrast_mean,librosa_direct,-0.3474,0.0144027,0.0918175,False,True,False
__SAD_FAMILY_vs_HAPPY_FAMILY__,108,58,contrast_p90,librosa_direct,-0.2353,0.0246254,0.124346,False,False,False
__SAD_FAMILY_vs_HAPPY_FAMILY__,108,58,zcr_mean,librosa_direct,-0.4621,0.00432418,0.0512868,False,True,False
__SAD_FAMILY_vs_HAPPY_FAMILY__,108,58,zcr_p90,librosa_direct,-0.46,0.00589221,0.0594341,False,True,False
__SAD_FAMILY_vs_HAPPY_FAMILY__,108,58,perc_mean,librosa_direct,-0.2234,0.239212,0.495927,False,False,False
__SAD_FAMILY_vs_HAPPY_FAMILY__,108,58,perc_p90,librosa_direct,-0.3531,0.00942931,0.0709724,False,True,False
__SAD_FAMILY_vs_HAPPY_FAMILY__,108,58,perc_p95,librosa_direct,-0.3179,0.0209883,0.112674,False,True,False
__SAD_FAMILY_vs_HAPPY_FAMILY__,108,58,onset_mean,librosa_direct,-0.0862,0.127902,0.348182,False,False,False
__SAD_FAMILY_vs_HAPPY_FAMILY__,108,58,onset_p90,librosa_direct,-0.3419,0.000141679,0.00450852,True,True,True
__SAD_FAMILY_vs_HAPPY_FAMILY__,108,58,onset_rate,librosa_direct,-0.3753,0.0244098,0.124346,False,True,False
__SAD_FAMILY_vs_HAPPY_FAMILY__,108,58,rms_mean,librosa_direct,0.3088,0.0572022,0.212187,False,True,False
__SAD_FAMILY_vs_HAPPY_FAMILY__,108,58,rms_p90,librosa_direct,0.4784,0.000470508,0.00959837,True,True,True
__SAD_FAMILY_vs_HAPPY_FAMILY__,108,58,energy,negative_control,0.2408,0.199859,0.443165,False,False,False
__SAD_FAMILY_vs_HAPPY_FAMILY__,108,58,energy_proxy,negative_control,-0.2752,0.113332,0.325378,False,False,False
