idx,tag,band,song,drum_tempo_bpm,bestdori_id,official_bpm,n_unique_bpm,estimated_bpm,final_bpm,bpm_source
0,afterglow__000,afterglow,ON YOUR MARK,92.3,184.0,185.0,1.0,184.6,185.0,official
1,afterglow__001,afterglow,That Is How I Roll!,90.7,26.0,180.0,1.0,181.4,180.0,official
2,afterglow__002,afterglow,SENSENFUKOKU,99.4,304.0,200.0,1.0,198.8,200.0,official
3,afterglow__003,afterglow,I knew it!,99.4,284.0,200.0,1.0,198.8,200.0,official
4,afterglow__004,afterglow,ツナグ、ソラモヨウ,95.7,144.0,192.0,1.0,191.4,192.0,official
5,afterglow__005,afterglow,Hey-day狂騒曲(カプリチオ),156.6,65.0,158.0,1.0,156.6,158.0,official
6,afterglow__006,afterglow,"Easy come, Easy go!",136.0,207.0,135.0,1.0,136.0,135.0,official
7,afterglow__007,afterglow,Sasanqua,99.4,222.0,198.0,1.0,198.8,198.0,official
8,afterglow__008,afterglow,RED RED RED,94.0,270.0,188.0,1.0,188.0,188.0,official
9,afterglow__009,afterglow,ONE OF US,105.5,293.0,210.0,5.0,211.0,210.0,official
10,afterglow__010,afterglow,Y.O.L.O!!!!!,105.5,93.0,210.0,2.0,211.0,210.0,official
11,afterglow__011,afterglow,Scarlet Sky,90.7,28.0,180.0,1.0,181.4,180.0,official
12,afterglow__012,afterglow,Off we go.,120.2,372.0,180.0,1.0,120.2,180.0,official
13,afterglow__013,afterglow,いつも通りのBrand new days,95.7,185.0,192.0,1.0,191.4,192.0,official
14,afterglow__014,afterglow,SWITCH ON NOW,99.4,425.0,200.0,1.0,198.8,200.0,official
15,afterglow__015,afterglow,ランブリングメモリー,126.0,156.0,125.0,2.0,126.0,125.0,official
16,afterglow__016,afterglow,COMIC PANIC!!!,105.5,121.0,210.0,1.0,211.0,210.0,official
17,afterglow__017,afterglow,Trouble Joyful!!,97.5,356.0,194.0,1.0,195.0,194.0,official
18,afterglow__018,afterglow,Jamboree!Journey!,78.3,113.0,156.0,1.0,156.6,156.0,official
19,afterglow__019,afterglow,カナユメ,126.0,340.0,125.0,1.0,126.0,125.0,official
20,afterglow__020,afterglow,独創収差,126.0,442.0,126.0,1.0,126.0,126.0,official
21,afterglow__021,afterglow,極彩色,92.3,521.0,185.0,1.0,184.6,185.0,official
22,afterglow__022,afterglow,サクラゼンセン,139.7,414.0,140.0,1.0,139.7,140.0,official
23,afterglow__023,afterglow,True color,79.5,27.0,160.0,1.0,159.0,160.0,official
24,afterglow__024,afterglow,Crow Song,87.6,154.0,174.0,1.0,175.2,174.0,official
25,afterglow__025,afterglow,カサブタ,86.1,277.0,172.0,1.0,172.2,172.0,official
26,afterglow__026,afterglow,アイのシナリオ,90.7,215.0,180.0,1.0,181.4,180.0,official
27,afterglow__027,afterglow,Northern lights,136.0,309.0,135.0,1.0,136.0,135.0,official
28,afterglow__028,afterglow,トーキョーワンダー。,136.0,423.0,138.0,1.0,136.0,138.0,official
29,afterglow__029,afterglow,Reach Out To The Truth,84.7,134.0,170.0,1.0,169.4,170.0,official
30,afterglow__030,afterglow,Listen!!,87.6,394.0,175.0,1.0,175.2,175.0,official
31,afterglow__031,afterglow,青い栞,132.5,205.0,132.0,1.0,132.5,132.0,official
32,afterglow__032,afterglow,イマジネーション,101.3,117.0,204.0,1.0,202.6,204.0,official
33,afterglow__033,afterglow,Butter-Fly,86.1,11.0,171.0,1.0,172.2,171.0,official
34,afterglow__034,afterglow,燦々,97.5,526.0,196.0,1.0,195.0,196.0,official
35,afterglow__035,afterglow,That's why I'm here.,92.3,,,,184.6,184.6,estimated
36,afterglow__036,afterglow,IGNITE GLOW,132.5,470.0,132.0,1.0,132.5,132.0,official
37,afterglow__037,afterglow,ペトリコール・オベーション,92.3,510.0,185.0,1.0,184.6,185.0,official
38,afterglow__038,afterglow,Made My Day,95.7,488.0,190.0,2.0,191.4,190.0,official
39,afterglow__039,afterglow,Glowing After,99.4,611.0,198.0,1.0,198.8,198.0,official
40,afterglow__040,afterglow,A Sunset So Bright,126.0,577.0,190.0,1.0,126.0,190.0,official
41,afterglow__041,afterglow,Start as Usual,90.7,622.0,180.0,2.0,181.4,180.0,official
42,afterglow__042,afterglow,“Say cheese!!!!!”,120.2,646.0,120.0,1.0,120.2,120.0,official
43,afterglow__043,afterglow,花笑みのデュオ,99.4,666.0,200.0,1.0,198.8,200.0,official
44,afterglow__044,afterglow,READY STEADY GO (Cover),143.6,78.0,144.0,1.0,143.6,144.0,official
45,afterglow__045,afterglow,abnormalize (Cover),87.6,444.0,175.0,1.0,175.2,175.0,official
46,afterglow__046,afterglow,メンタルチェンソー (Cover),94.0,404.0,188.0,1.0,188.0,188.0,official
47,afterglow__047,afterglow,Bunny Girl (Cover),79.5,695.0,160.0,1.0,159.0,160.0,official
48,afterglow__048,afterglow,オレンジ (Cover),99.4,676.0,200.0,1.0,198.8,200.0,official
49,afterglow__049,afterglow,カゲロウデイズ (Cover),99.4,632.0,200.0,1.0,198.8,200.0,official
50,afterglow__050,afterglow,DAY×DAY (Cover),95.7,776.0,193.0,1.0,191.4,193.0,official
51,afterglow__051,afterglow,ロキ (Cover),147.7,253.0,150.0,1.0,147.7,150.0,official
52,afterglow__052,afterglow,CHAINSAW BLOOD (Cover),147.7,507.0,147.0,1.0,147.7,147.0,official
53,afterglow__053,afterglow,チルドレンレコード (Re:boot) (Cover),103.4,529.0,206.0,1.0,206.8,206.0,official
54,afterglow__054,afterglow,青のすみか (Cover),152.0,588.0,152.0,1.0,152.0,152.0,official
55,afterglow__055,afterglow,GO!!! (Cover),132.5,237.0,134.0,1.0,132.5,134.0,official
56,afterglow__056,afterglow,天ノ弱 (Cover),99.4,233.0,200.0,1.0,198.8,200.0,official
57,afterglow__057,afterglow,アスノヨゾラ哨戒班 (Cover),92.3,66.0,185.0,1.0,184.6,185.0,official
58,afterglow__058,afterglow,瞬間センチメンタル (Cover),84.7,163.0,168.0,1.0,169.4,168.0,official
59,afterglow__059,afterglow,プライド革命 (Cover),92.3,83.0,185.0,1.0,184.6,185.0,official
60,afterglow__060,afterglow,命に嫌われている。 (Cover),99.4,479.0,200.0,1.0,198.8,200.0,official
61,afterglow__061,afterglow,Redo (Cover),95.7,89.0,190.0,1.0,191.4,190.0,official
62,afterglow__062,afterglow,インフェルノ (Cover),92.3,252.0,185.0,1.0,184.6,185.0,official
63,afterglow__063,afterglow,ドラマツルギー (Cover),74.9,308.0,149.0,1.0,149.8,149.0,official
64,afterglow__064,afterglow,COLORS (Cover),136.0,378.0,136.0,1.0,136.0,136.0,official
65,afterglow__065,afterglow,午夜の待ち合わせ (Cover),94.0,195.0,189.0,1.0,188.0,189.0,official
66,afterglow__066,afterglow,サムライハート（Some Like It Hot!!） (Cover),112.3,319.0,113.0,1.0,112.3,113.0,official
67,afterglow__067,afterglow,ベノム (Cover),152.0,376.0,152.0,1.0,152.0,152.0,official
68,afterglow__068,afterglow,Don't say “lazy” (Cover),90.7,,,,181.4,181.4,estimated
69,afterglow__069,afterglow,Part of the Life,92.3,738.0,185.0,1.0,184.6,185.0,official
70,afterglow__070,afterglow,Punchline Halloween!!!,90.7,451.0,180.0,1.0,181.4,180.0,official
71,afterglow__071,afterglow,I love your way！,129.2,251.0,130.0,2.0,129.2,130.0,official
72,ave_mujica__072,ave_mujica,KiLLKiSS,132.5,659.0,200.0,1.0,132.5,200.0,official
73,ave_mujica__073,ave_mujica,"Georgette Me, Georgette You",143.6,661.0,142.0,1.0,143.6,142.0,official
74,ave_mujica__074,ave_mujica,Imprisoned XII,105.5,670.0,158.0,1.0,211.0,158.0,official
75,ave_mujica__075,ave_mujica,Crucifix X,136.0,671.0,103.0,1.0,136.0,103.0,official
76,ave_mujica__076,ave_mujica,八芒星ダンス,114.8,682.0,114.0,5.0,114.8,114.0,official
77,ave_mujica__077,ave_mujica,顔,139.7,685.0,140.0,1.0,139.7,140.0,official
78,ave_mujica__078,ave_mujica,天球のMúsica,129.2,,,,129.2,129.2,estimated
79,ave_mujica__079,ave_mujica,黒のバースデイ,99.4,705.0,198.0,2.0,198.8,198.0,official
80,ave_mujica__080,ave_mujica,ふたつの月 ~Deep Into The Forest~,120.2,,,,120.2,120.2,estimated
81,ave_mujica__081,ave_mujica,Choir ‘S’ Choir,147.7,,,,147.7,147.7,estimated
82,ave_mujica__082,ave_mujica,神さま、バカ,120.2,,,,120.2,120.2,estimated
83,ave_mujica__083,ave_mujica,Mas?uerade Rhapsody Re?uest,95.7,737.0,190.0,1.0,191.4,190.0,official
84,ave_mujica__084,ave_mujica,Ave Mujica,112.3,531.0,222.0,12.0,112.3,222.0,official
85,ave_mujica__085,ave_mujica,Symbol I : △,117.5,,,,117.5,117.5,estimated
86,ave_mujica__086,ave_mujica,Symbol II : Air,99.4,,,,198.8,198.8,estimated
87,ave_mujica__087,ave_mujica,Symbol III : ▽,166.7,,,,166.7,166.7,estimated
88,ave_mujica__088,ave_mujica,Symbol IV : Earth,147.7,,,,147.7,147.7,estimated
89,ave_mujica__089,ave_mujica,Ether,126.0,,,,126.0,126.0,estimated
90,ave_mujica__090,ave_mujica,The Whole Blue World,99.4,,,,198.8,198.8,estimated
91,ave_mujica__091,ave_mujica,in your blue eyes,95.7,,,,191.4,191.4,estimated
92,ave_mujica__092,ave_mujica,素晴らしき世界 でも どこにもない場所,132.5,,,,132.5,132.5,estimated
93,ave_mujica__093,ave_mujica,Angles,129.2,,,,129.2,129.2,estimated
94,ave_mujica__094,ave_mujica,DIVINE,117.5,,,,117.5,117.5,estimated
95,ave_mujica__095,ave_mujica,Sophie,99.4,,,,198.8,198.8,estimated
96,ave_mujica__096,ave_mujica,‘S/’ The Way,156.6,,,,156.6,156.6,estimated
97,ave_mujica__097,ave_mujica,碧い瞳の中に,95.7,,,,191.4,191.4,estimated
98,ave_mujica__098,ave_mujica,堕天 (Cover),103.4,,,,206.8,206.8,estimated
99,ave_mujica__099,ave_mujica,KINGS (Cover),87.6,,,,175.2,175.2,estimated
100,ave_mujica__100,ave_mujica,暗黒天国 (Cover),95.7,,,,191.4,191.4,estimated
101,various_artists__101,various_artists,Don't be afraid!,90.7,,,,181.4,181.4,estimated
102,various_artists__102,various_artists,Glee! Glee! Glee!,90.7,,,,181.4,181.4,estimated
103,various_artists__103,various_artists,"Be shine, shining!",117.5,,,,117.5,117.5,estimated
104,various_artists__104,various_artists,"Here, the world",123.0,,,,123.0,123.0,estimated
105,various_artists__105,various_artists,CiRCLE THANKS MUSiC♪,123.0,,,,123.0,123.0,estimated
106,hello_happy_world__106,hello_happy_world,キミがいなくちゃっ！,123.0,150.0,124.0,1.0,123.0,124.0,official
107,hello_happy_world__107,hello_happy_world,ハイファイブ∞あどべんちゃっ,99.4,132.0,198.0,1.0,198.8,198.0,official
108,hello_happy_world__108,hello_happy_world,スマイルブーケで た〜まや〜！,76.0,212.0,151.0,1.0,152.0,151.0,official
109,hello_happy_world__109,hello_happy_world,えがお･シング･あ･ソング,152.0,189.0,150.0,1.0,152.0,150.0,official
110,hello_happy_world__110,hello_happy_world,YAPPY! SCHOOL CARNIVAL☆彡,86.1,68.0,172.0,1.0,172.2,172.0,official
111,hello_happy_world__111,hello_happy_world,にこ×にこ=ハイパースマイルパワー！,95.7,197.0,190.0,1.0,191.4,190.0,official
112,hello_happy_world__112,hello_happy_world,ないすみちゅっ！,87.6,341.0,174.0,1.0,175.2,174.0,official
113,hello_happy_world__113,hello_happy_world,ゴーカ！ごーかい！？ファントムシーフ！,107.7,37.0,215.0,1.0,215.4,215.0,official
114,hello_happy_world__114,hello_happy_world,うぃーきゃん☆フレフレっ！,90.7,262.0,180.0,4.0,181.4,180.0,official
115,hello_happy_world__115,hello_happy_world,えがおのオーケストラっ！,139.7,35.0,138.0,1.0,139.7,138.0,official
116,hello_happy_world__116,hello_happy_world,にこにこねくと！,83.4,313.0,167.0,1.0,166.8,167.0,official
117,hello_happy_world__117,hello_happy_world,ふぁいぶスマイル◯オールインっ！,126.0,524.0,126.0,1.0,126.0,126.0,official
118,hello_happy_world__118,hello_happy_world,せかいのっびのびトレジャー！,84.7,69.0,85.0,2.0,169.4,85.0,official
119,hello_happy_world__119,hello_happy_world,きらっ☆と キミフェス！,129.2,362.0,128.0,1.0,129.2,128.0,official
120,hello_happy_world__120,hello_happy_world,うちゃパ！で ぱっぴかポーんっ！,97.5,443.0,194.0,6.0,195.0,194.0,official
121,hello_happy_world__121,hello_happy_world,はれやか すこやか ぴかりんりん♪,114.8,171.0,230.0,1.0,114.8,230.0,official
122,hello_happy_world__122,hello_happy_world,ふわふわ☆ゆめいろサンドイッチ,129.2,123.0,130.0,1.0,129.2,130.0,official
123,hello_happy_world__123,hello_happy_world,Happy! Happier! Happiest!,86.1,428.0,172.0,1.0,172.2,172.0,official
124,hello_happy_world__124,hello_happy_world,現るっ！大怪盗ハロハッピー！,92.3,393.0,184.0,1.0,184.6,184.0,official
125,hello_happy_world__125,hello_happy_world,わちゃ・もちゃ・ぺったん行進曲,161.5,94.0,160.0,1.0,161.5,160.0,official
126,hello_happy_world__126,hello_happy_world,おもいでイルミネーション,166.7,230.0,165.0,1.0,166.7,165.0,official
127,hello_happy_world__127,hello_happy_world,おもいやりハーモニー,136.0,421.0,135.0,7.0,136.0,135.0,official
128,hello_happy_world__128,hello_happy_world,ハピネスっ！ハピィーマジカルっ♪,92.3,36.0,184.0,1.0,184.6,184.0,official
129,hello_happy_world__129,hello_happy_world,えがお、あーゆーれでぃ???,139.7,460.0,138.0,1.0,139.7,138.0,official
130,hello_happy_world__130,hello_happy_world,ハッピーサマーウェディング,129.2,52.0,128.0,1.0,129.2,128.0,official
131,hello_happy_world__131,hello_happy_world,ひまわりの約束,79.5,62.0,79.0,1.0,159.0,79.0,official
132,hello_happy_world__132,hello_happy_world,ハッピー☆マテリアル,82.0,392.0,163.0,1.0,164.0,163.0,official
133,hello_happy_world__133,hello_happy_world,太陽曰く燃えよカオス,143.6,127.0,143.0,1.0,143.6,143.0,official
134,hello_happy_world__134,hello_happy_world,エクストラ・マジック・アワー,90.7,157.0,180.0,1.0,181.4,180.0,official
135,hello_happy_world__135,hello_happy_world,コレカラ,161.5,221.0,162.0,1.0,161.5,162.0,official
136,hello_happy_world__136,hello_happy_world,全力少年,132.5,231.0,134.0,1.0,132.5,134.0,official
137,hello_happy_world__137,hello_happy_world,オレンジ,139.7,316.0,140.0,1.0,139.7,140.0,official
138,hello_happy_world__138,hello_happy_world,Happy Girl,143.6,334.0,145.0,1.0,143.6,145.0,official
139,hello_happy_world__139,hello_happy_world,ン・パカマーチ,117.5,358.0,117.0,1.0,117.5,117.0,official
140,hello_happy_world__140,hello_happy_world,サンバロハッピ〜！,129.2,607.0,129.0,1.0,129.2,129.0,official
141,hello_happy_world__141,hello_happy_world,ボクらの夏's☆ショーたいむっ！！,89.1,523.0,178.0,1.0,178.2,178.0,official
142,hello_happy_world__142,hello_happy_world,むすんでわらって,129.2,600.0,130.0,1.0,129.2,130.0,official
143,hello_happy_world__143,hello_happy_world,キミを れっつ・はぶ・ふぁん♪,156.6,504.0,158.0,1.0,156.6,158.0,official
144,hello_happy_world__144,hello_happy_world,らいふ・いず・みゅーじかるっ♪♪♪,139.7,559.0,140.0,1.0,139.7,140.0,official
145,hello_happy_world__145,hello_happy_world,れっつ・スマイル・すとり〜みんぐっ♪,74.9,664.0,150.0,1.0,149.8,150.0,official
146,hello_happy_world__146,hello_happy_world,やっほー！いっぽ！わんだふぉー！,156.6,691.0,158.0,5.0,156.6,158.0,official
147,hello_happy_world__147,hello_happy_world,とーくとぅみー・とーくとぅゆー,136.0,721.0,137.0,1.0,136.0,137.0,official
148,hello_happy_world__148,hello_happy_world,ハイタッチ／＼びりーばーず☆,166.7,641.0,165.0,1.0,166.7,165.0,official
149,hello_happy_world__149,hello_happy_world,Listen to Smile!,126.0,619.0,127.0,1.0,126.0,127.0,official
150,hello_happy_world__150,hello_happy_world,スマイリーキャロル,110.0,750.0,220.0,1.0,220.0,220.0,official
151,hello_happy_world__151,hello_happy_world,えがお、み〜っけた！,143.6,280.0,143.0,1.0,143.6,143.0,official
152,hello_happy_world__152,hello_happy_world,上海ハニー (Cover),129.2,208.0,130.0,2.0,129.2,130.0,official
153,hello_happy_world__153,hello_happy_world,シル・ヴ・プレジデント (Cover),87.6,,,,175.2,175.2,estimated
154,hello_happy_world__154,hello_happy_world,ヒャダインのじょーじょーゆーじょー (Cover),99.4,429.0,200.0,1.0,198.8,200.0,official
155,hello_happy_world__155,hello_happy_world,はいよろこんで (Cover),147.7,673.0,147.0,1.0,147.7,147.0,official
156,hello_happy_world__156,hello_happy_world,シカ色デイズ (Cover),92.3,655.0,183.0,1.0,184.6,183.0,official
157,hello_happy_world__157,hello_happy_world,強風オールバック (Cover),136.0,567.0,135.0,1.0,136.0,135.0,official
158,hello_happy_world__158,hello_happy_world,最高到達点 (Cover),132.5,697.0,132.0,1.0,132.5,132.0,official
159,hello_happy_world__159,hello_happy_world,許婚っきゅん (Cover),147.7,780.0,147.0,1.0,147.7,147.0,official
160,hello_happy_world__160,hello_happy_world,新宝島 (Cover),156.6,146.0,158.0,2.0,156.6,158.0,official
161,hello_happy_world__161,hello_happy_world,ドレミファロンド (Cover),126.0,246.0,125.0,1.0,126.0,125.0,official
162,hello_happy_world__162,hello_happy_world,きゅうくらりん (Cover),110.0,591.0,220.0,1.0,220.0,220.0,official
163,hello_happy_world__163,hello_happy_world,ロメオ (Cover),139.7,77.0,140.0,1.0,139.7,140.0,official
164,hello_happy_world__164,hello_happy_world,エイリアンエイリアン (Cover),152.0,139.0,152.0,1.0,152.0,152.0,official
165,hello_happy_world__165,hello_happy_world,いーあるふぁんくらぶ (Cover),143.6,21.0,145.0,1.0,143.6,145.0,official
166,hello_happy_world__166,hello_happy_world,回レ！雪月花 (Cover),79.5,166.0,160.0,1.0,159.0,160.0,official
167,hello_happy_world__167,hello_happy_world,恋愛裁判 (Cover),132.5,201.0,134.0,1.0,132.5,134.0,official
168,hello_happy_world__168,hello_happy_world,TOMORROW (Cover),132.5,363.0,134.0,1.0,132.5,134.0,official
169,hello_happy_world__169,hello_happy_world,GO! GO! MANIAC (Cover),126.0,141.0,250.0,1.0,126.0,250.0,official
170,hello_happy_world__170,hello_happy_world,Dragon Night (Cover),123.0,88.0,124.0,1.0,123.0,124.0,official
171,hello_happy_world__171,hello_happy_world,ようこそジャパリパークへ (Cover),84.7,472.0,170.0,2.0,169.4,170.0,official
172,hello_happy_world__172,hello_happy_world,ウィーアー！ (Cover),84.7,285.0,168.0,1.0,169.4,168.0,official
173,hello_happy_world__173,hello_happy_world,おジャ魔女カーニバル!! (Cover),147.7,297.0,148.0,1.0,147.7,148.0,official
174,hello_happy_world__174,hello_happy_world,ダーリンダンス (Cover),152.0,482.0,153.0,1.0,152.0,153.0,official
175,hello_happy_world__175,hello_happy_world,ノーポイッ！ (Cover),156.6,191.0,158.0,1.0,156.6,158.0,official
176,hello_happy_world__176,hello_happy_world,SHINY DAYS (Cover),110.0,320.0,110.0,1.0,220.0,110.0,official
177,hello_happy_world__177,hello_happy_world,シルエット (Cover),92.3,22.0,183.0,1.0,184.6,183.0,official
178,ikka_dumb_rock__178,ikka_dumb_rock,ホーミー・タイッ！！,129.2,,,,129.2,129.2,estimated
179,millsage__179,millsage,起死開戦,112.3,,,,112.3,112.3,estimated
180,morfonica__180,morfonica,Daylight -デイライト-,92.3,255.0,185.0,10.0,184.6,185.0,official
181,morfonica__181,morfonica,メランコリックララバイ,90.7,605.0,181.0,1.0,181.4,181.0,official
182,morfonica__182,morfonica,flame of hope,95.7,279.0,190.0,1.0,191.4,190.0,official
183,morfonica__183,morfonica,ブルームブルーム,90.7,263.0,180.0,1.0,181.4,180.0,official
184,morfonica__184,morfonica,カラフルリバティー,92.3,436.0,185.0,1.0,184.6,185.0,official
185,morfonica__185,morfonica,fly with the night,84.7,365.0,170.0,1.0,169.4,170.0,official
186,morfonica__186,morfonica,金色へのプレリュード,87.6,256.0,175.0,1.0,175.2,175.0,official
187,morfonica__187,morfonica,The Circle Of Butterflies,87.6,441.0,174.0,1.0,175.2,174.0,official
188,morfonica__188,morfonica,ハーモニー・デイ,90.7,300.0,182.0,1.0,181.4,182.0,official
189,morfonica__189,morfonica,Sweet Cheers!,110.0,471.0,110.0,1.0,220.0,110.0,official
190,morfonica__190,morfonica,"寄る辺のSunny, Sunny",92.3,435.0,184.0,1.0,184.6,184.0,official
191,morfonica__191,morfonica,誓いのWingbeat,103.4,586.0,205.0,9.0,206.8,205.0,official
192,morfonica__192,morfonica,Ever Sky Blue,97.5,520.0,195.0,1.0,195.0,195.0,official
193,morfonica__193,morfonica,Polyphonyscape,152.0,703.0,153.0,1.0,152.0,153.0,official
194,morfonica__194,morfonica,Wreath of Brave,136.0,612.0,135.0,1.0,136.0,135.0,official
195,morfonica__195,morfonica,Merry Merry Thanks!!,143.6,555.0,145.0,2.0,143.6,145.0,official
196,morfonica__196,morfonica,Sonorous,132.5,327.0,132.0,1.0,132.5,132.0,official
197,morfonica__197,morfonica,両翼のBrilliance,86.1,601.0,172.0,1.0,172.2,172.0,official
198,morfonica__198,morfonica,Steer to Utopia,97.5,663.0,195.0,1.0,195.0,195.0,official
199,morfonica__199,morfonica,Fateful...,132.5,374.0,132.0,1.0,132.5,132.0,official
200,morfonica__200,morfonica,ティリカモニカリラ,139.7,636.0,140.0,6.0,139.7,140.0,official
201,morfonica__201,morfonica,Secret Dawn,132.5,347.0,131.0,2.0,132.5,131.0,official
202,morfonica__202,morfonica,Angel's Ladder,99.4,500.0,198.0,1.0,198.8,198.0,official
203,morfonica__203,morfonica,One step at a time,87.6,398.0,175.0,1.0,175.2,175.0,official
204,morfonica__204,morfonica,Tempest,101.3,654.0,202.0,1.0,202.6,202.0,official
205,morfonica__205,morfonica,フレージング ミラージュ,95.7,,,,191.4,191.4,estimated
206,morfonica__206,morfonica,MUGEN Reverberate!,94.0,,,,188.0,188.0,estimated
207,morfonica__207,morfonica,わたしまちがいさがし,120.2,,,,120.2,120.2,estimated
208,morfonica__208,morfonica,esora no clover,161.5,,,,161.5,161.5,estimated
209,morfonica__209,morfonica,きょうもMerry go rounD,136.0,,,,136.0,136.0,estimated
210,morfonica__210,morfonica,Feathered Dreams,87.6,708.0,175.0,1.0,175.2,175.0,official
211,morfonica__211,morfonica,Portray Empathy,86.1,692.0,172.0,1.0,172.2,172.0,official
212,morfonica__212,morfonica,ビューティ・フォー,99.4,728.0,198.0,1.0,198.8,198.0,official
213,morfonica__213,morfonica,胡蝶翔る星月夜,99.4,798.0,200.0,1.0,198.8,200.0,official
214,morfonica__214,morfonica,Color of Us,97.5,718.0,194.0,1.0,195.0,194.0,official
215,morfonica__215,morfonica,Resonant Strings,97.5,724.0,195.0,1.0,195.0,195.0,official
216,morfonica__216,morfonica,Shining Leaves,92.3,764.0,185.0,1.0,184.6,185.0,official
217,morfonica__217,morfonica,音がえしのセレナーデ,92.3,530.0,185.0,4.0,184.6,185.0,official
218,morfonica__218,morfonica,蒼穹へのトレイル,95.7,581.0,192.0,1.0,191.4,192.0,official
219,morfonica__219,morfonica,QUEEN (Cover),84.7,514.0,170.0,1.0,169.4,170.0,official
220,morfonica__220,morfonica,again (Cover),94.0,688.0,140.0,1.0,188.0,140.0,official
221,morfonica__221,morfonica,輪舞-revolution (Cover),129.2,634.0,128.0,1.0,129.2,128.0,official
222,morfonica__222,morfonica,メロウ (Cover),72.8,775.0,145.0,1.0,145.6,145.0,official
223,morfonica__223,morfonica,祝福 (Cover),84.7,532.0,170.0,1.0,169.4,170.0,official
224,morfonica__224,morfonica,Overdose (Cover),117.5,563.0,118.0,1.0,117.5,118.0,official
225,morfonica__225,morfonica,かくれんぼ (Cover),90.7,592.0,180.0,1.0,181.4,180.0,official
226,morfonica__226,morfonica,chAngE (Cover),82.0,259.0,165.0,1.0,164.0,165.0,official
227,morfonica__227,morfonica,ALIVE (Cover),89.1,481.0,180.0,4.0,178.2,180.0,official
228,morfonica__228,morfonica,Nameless Story (Cover),97.5,455.0,195.0,1.0,195.0,195.0,official
229,morfonica__229,morfonica,青空のラプソディ (Cover),136.0,418.0,135.0,1.0,136.0,135.0,official
230,morfonica__230,morfonica,Nevereverland (Cover),103.4,295.0,206.5,2.0,206.8,206.5,official
231,morfonica__231,morfonica,メリッサ (Cover),84.7,257.0,170.0,1.0,169.4,170.0,official
232,morfonica__232,morfonica,COLORFUL BOX (Cover),161.5,352.0,161.0,1.0,161.5,161.0,official
233,morfonica__233,morfonica,unravel (Cover),136.0,408.0,135.0,1.0,136.0,135.0,official
234,morfonica__234,morfonica,アゲハ蝶 (Cover),114.8,321.0,116.0,1.0,114.8,116.0,official
235,morfonica__235,morfonica,V.I.P (Cover),92.3,329.0,185.0,1.0,184.6,185.0,official
236,morfonica__236,morfonica,CQCQ (Cover),143.6,311.0,144.0,1.0,143.6,144.0,official
237,mugendai_mutype__237,mugendai_mutype,アイの夢限,120.2,,,,120.2,120.2,estimated
238,mugendai_mutype__238,mugendai_mutype,どんがらがっしゃん,132.5,,,,132.5,132.5,estimated
239,mugendai_mutype__239,mugendai_mutype,みゅーたんとミュータント,152.0,,,,152.0,152.0,estimated
240,mugendai_mutype__240,mugendai_mutype,チューニング,97.5,,,,195.0,195.0,estimated
241,mugendai_mutype__241,mugendai_mutype,Dream Voyage,156.6,,,,156.6,156.6,estimated
242,mugendai_mutype__242,mugendai_mutype,グラディエント,120.2,,,,120.2,120.2,estimated
243,mugendai_mutype__243,mugendai_mutype,LET'Sあちあちトレーニング！,178.2,,,,178.2,178.2,estimated
244,mugendai_mutype__244,mugendai_mutype,真夜中遊園地,97.5,,,,195.0,195.0,estimated
245,mugendai_mutype__245,mugendai_mutype,テレパシー,89.1,,,,178.2,178.2,estimated
246,mugendai_mutype__246,mugendai_mutype,TRASH LIFE,120.2,,,,120.2,120.2,estimated
247,mugendai_mutype__247,mugendai_mutype,新人類は仮想世界の夢を見るか?,90.7,,,,181.4,181.4,estimated
248,mugendai_mutype__248,mugendai_mutype,コミュ着火Fire!,99.4,,,,198.8,198.8,estimated
249,mugendai_mutype__249,mugendai_mutype,Calling,87.6,,,,175.2,175.2,estimated
250,mugendai_mutype__250,mugendai_mutype,Hi-Vision,101.3,,,,202.6,202.6,estimated
251,mugendai_mutype__251,mugendai_mutype,コハク,97.5,,,,195.0,195.0,estimated
252,mugendai_mutype__252,mugendai_mutype,✞animaるパーティ✞開催中✞,97.5,,,,195.0,195.0,estimated
253,mugendai_mutype__253,mugendai_mutype,エンプティパペット,126.0,,,,126.0,126.0,estimated
254,mugendai_mutype__254,mugendai_mutype,限界現実サバイブ天使,94.0,,,,188.0,188.0,estimated
255,mugendai_mutype__255,mugendai_mutype,ビッグマウス,143.6,,,,143.6,143.6,estimated
256,mugendai_mutype__256,mugendai_mutype,夢現妄想世界,97.5,,,,195.0,195.0,estimated
257,mugendai_mutype__257,mugendai_mutype,やわやわNERD 超FreQuency,147.7,,,,147.7,147.7,estimated
258,mugendai_mutype__258,mugendai_mutype,超惑星Xへの旅,136.0,,,,136.0,136.0,estimated
259,mugendai_mutype__259,mugendai_mutype,これはぼくたちの生存のあらすじ,95.7,,,,191.4,191.4,estimated
260,mygo__260,mygo,迷星叫,95.7,489.0,190.0,1.0,191.4,190.0,official
261,mygo__261,mygo,壱雫空,101.3,512.0,204.0,4.0,202.6,204.0,official
262,mygo__262,mygo,碧天伴走,95.7,515.0,192.0,1.0,191.4,192.0,official
263,mygo__263,mygo,影色舞,166.7,540.0,166.0,1.0,166.7,166.0,official
264,mygo__264,mygo,歌いましょう鳴らしましょう,110.0,542.0,222.0,1.0,220.0,222.0,official
265,mygo__265,mygo,潜在表明,136.0,698.0,135.0,1.0,136.0,135.0,official
266,mygo__266,mygo,音一会,99.4,668.0,200.0,1.0,198.8,200.0,official
267,mygo__267,mygo,春日影 (MyGO!!!!! ver.),97.5,667.0,97.0,3.0,195.0,97.0,official
268,mygo__268,mygo,詩超絆,95.7,522.0,190.0,2.0,191.4,190.0,official
269,mygo__269,mygo,迷路日々,129.2,525.0,260.0,1.0,129.2,260.0,official
270,mygo__270,mygo,無路矢,120.2,796.0,120.0,1.0,120.2,120.0,official
271,mygo__271,mygo,名無声,95.7,624.0,190.0,1.0,191.4,190.0,official
272,mygo__272,mygo,栞,87.6,513.0,88.0,8.0,175.2,88.0,official
273,mygo__273,mygo,歩拾道,129.2,642.0,130.0,1.0,129.2,130.0,official
274,mygo__274,mygo,明弦音,92.3,,,,184.6,184.6,estimated
275,mygo__275,mygo,孤壊牢,90.7,,,,181.4,181.4,estimated
276,mygo__276,mygo,霧周途,110.0,,,,220.0,220.0,estimated
277,mygo__277,mygo,端程山,90.7,754.0,181.0,3.0,181.4,181.0,official
278,mygo__278,mygo,処救生,95.7,553.0,191.0,1.0,191.4,191.0,official
279,mygo__279,mygo,輪符雨,152.0,580.0,154.0,1.0,152.0,154.0,official
280,mygo__280,mygo,夜隠染,112.3,,,,112.3,112.3,estimated
281,mygo__281,mygo,過惰幻,84.7,635.0,85.0,1.0,169.4,85.0,official
282,mygo__282,mygo,回層浮,99.4,,,,198.8,198.8,estimated
283,mygo__283,mygo,砂寸奏,90.7,,,,181.4,181.4,estimated
284,mygo__284,mygo,焚音打,95.7,684.0,190.0,1.0,191.4,190.0,official
285,mygo__285,mygo,残痕字,87.6,715.0,175.0,1.0,175.2,175.0,official
286,mygo__286,mygo,掌心正銘,92.3,,,,184.6,184.6,estimated
287,mygo__287,mygo,証命讃歌,105.5,,,,211.0,211.0,estimated
288,mygo__288,mygo,エガクミライ,87.6,735.0,88.0,1.0,175.2,88.0,official
289,mygo__289,mygo,静降想,123.0,,,,123.0,123.0,estimated
290,mygo__290,mygo,聿日箋秋,90.7,683.0,182.0,3.0,181.4,182.0,official
291,mygo__291,mygo,往欄印,90.7,719.0,180.0,1.0,181.4,180.0,official
292,mygo__292,mygo,だれかの心臓になれたなら (Cover),72.8,680.0,145.0,1.0,145.6,145.0,official
293,mygo__293,mygo,遥か彼方 (Cover),87.6,644.0,175.0,4.0,175.2,175.0,official
294,mygo__294,mygo,雑踏、僕らの街 (Cover),86.1,633.0,171.0,1.0,172.2,171.0,official
295,mygo__295,mygo,過去を喰らう (Cover),94.0,781.0,187.0,1.0,188.0,187.0,official
296,mygo__296,mygo,君の神様になりたい。 (Cover),97.5,,,,195.0,195.0,estimated
297,mygo__297,mygo,ノンブレス・オブリージュ (Cover),73.8,590.0,148.0,1.0,147.6,148.0,official
298,mygo__298,mygo,swim (Cover),97.5,546.0,195.0,1.0,195.0,195.0,official
299,mygo__299,mygo,猛独が襲う (Cover),156.6,545.0,156.0,1.0,156.6,156.0,official
300,mygo__300,mygo,春日影,64.6,667.0,97.0,3.0,129.2,97.0,official
301,pastel_palettes__301,pastel_palettes,TITLE IDOL,143.6,303.0,145.0,1.0,143.6,145.0,official
302,pastel_palettes__302,pastel_palettes,ワクワクmeetsトリップ,136.0,193.0,137.0,1.0,136.0,137.0,official
303,pastel_palettes__303,pastel_palettes,ゆら・ゆらRing-Dong-Dance,86.1,60.0,172.0,1.0,172.2,172.0,official
304,pastel_palettes__304,pastel_palettes,もういちど ルミナス,84.7,104.0,169.0,1.0,169.4,169.0,official
305,pastel_palettes__305,pastel_palettes,あっつあつ 常夏 らぶ☆サマー！,86.1,210.0,172.0,1.0,172.2,172.0,official
306,pastel_palettes__306,pastel_palettes,天下トーイツ A to Z☆,152.0,125.0,153.0,1.0,152.0,153.0,official
307,pastel_palettes__307,pastel_palettes,しゅわりん☆どり〜みん,87.6,32.0,176.0,1.0,175.2,176.0,official
308,pastel_palettes__308,pastel_palettes,Power of LOVE!!!,87.6,290.0,175.0,1.0,175.2,175.0,official
309,pastel_palettes__309,pastel_palettes,きゅ～まい＊flower,92.3,186.0,183.0,1.0,184.6,183.0,official
310,pastel_palettes__310,pastel_palettes,Winking☆Cheer,99.4,264.0,100.0,1.0,198.8,100.0,official
311,pastel_palettes__311,pastel_palettes,ゆめゆめグラデーション,136.0,226.0,135.0,1.0,136.0,135.0,official
312,pastel_palettes__312,pastel_palettes,はなまる◎アンダンテ,166.7,34.0,166.0,1.0,166.7,166.0,official
313,pastel_palettes__313,pastel_palettes,パスパレボリューションず☆,87.6,33.0,174.0,1.0,175.2,174.0,official
314,pastel_palettes__314,pastel_palettes,SURVIVOR ねばーぎぶあっぷ!,99.4,70.0,200.0,2.0,198.8,200.0,official
315,pastel_palettes__315,pastel_palettes,Wonderland Girl,136.0,106.0,137.0,1.0,136.0,137.0,official
316,pastel_palettes__316,pastel_palettes,ゼッタイ宣言～Recital～,89.1,148.0,177.0,1.0,178.2,177.0,official
317,pastel_palettes__317,pastel_palettes,ぎゅっDAYS♪,172.3,169.0,170.0,1.0,172.3,170.0,official
318,pastel_palettes__318,pastel_palettes,Wonderful Sweet!,83.4,242.0,167.0,1.0,166.8,167.0,official
319,pastel_palettes__319,pastel_palettes,るんっ♪てぃてぃー！,82.0,324.0,163.0,1.0,164.0,163.0,official
320,pastel_palettes__320,pastel_palettes,パッパレ☆人生！バーン万歳！,84.7,370.0,170.0,1.0,169.4,170.0,official
321,pastel_palettes__321,pastel_palettes,Brand new Pastel Road!,172.3,396.0,171.0,1.0,172.3,171.0,official
322,pastel_palettes__322,pastel_palettes,あこがれacross,95.7,420.0,190.0,1.0,191.4,190.0,official
323,pastel_palettes__323,pastel_palettes,ハレハレ☆フォーチュン,147.7,424.0,146.0,3.0,147.7,146.0,official
324,pastel_palettes__324,pastel_palettes,ハナヒバナ,95.7,437.0,95.0,1.0,191.4,95.0,official
325,pastel_palettes__325,pastel_palettes,そばかす,84.7,44.0,170.0,1.0,169.4,170.0,official
326,pastel_palettes__326,pastel_palettes,気まぐれロマンティック,112.3,116.0,170.0,1.0,112.3,170.0,official
327,pastel_palettes__327,pastel_palettes,ドリームパレード,86.1,19.0,172.0,1.0,172.2,172.0,official
328,pastel_palettes__328,pastel_palettes,ラムのラブソング,120.2,336.0,180.0,1.0,120.2,180.0,official
329,pastel_palettes__329,pastel_palettes,DANCE! おジャ魔女,152.0,298.0,152.0,1.0,152.0,152.0,official
330,pastel_palettes__330,pastel_palettes,DISCOTHEQUE,143.6,145.0,143.0,1.0,143.6,143.0,official
331,pastel_palettes__331,pastel_palettes,ゆりゆららららゆるゆり大事件,87.6,152.0,175.0,1.0,175.2,175.0,official
332,pastel_palettes__332,pastel_palettes,SAKURAスキップ,82.0,101.0,165.0,1.0,164.0,165.0,official
333,pastel_palettes__333,pastel_palettes,Stay Alive,139.7,228.0,140.0,1.0,139.7,140.0,official
334,pastel_palettes__334,pastel_palettes,秘密の扉から会いにきて,92.3,419.0,184.0,1.0,184.6,184.0,official
335,pastel_palettes__335,pastel_palettes,トリドリ＊パレット,89.1,604.0,178.0,1.0,178.2,178.0,official
336,pastel_palettes__336,pastel_palettes,ドラマチック！アライブ,92.3,582.0,185.0,1.0,184.6,185.0,official
337,pastel_palettes__337,pastel_palettes,Radiate Warriors,129.2,572.0,130.0,1.0,129.2,130.0,official
338,pastel_palettes__338,pastel_palettes,ReReReエボリューションず☆,94.0,583.0,188.0,3.0,188.0,188.0,official
339,pastel_palettes__339,pastel_palettes,everyday flower,136.0,548.0,136.0,2.0,136.0,136.0,official
340,pastel_palettes__340,pastel_palettes,With〜きみとわたしたちの物語〜,94.0,621.0,187.0,2.0,188.0,187.0,official
341,pastel_palettes__341,pastel_palettes,フレっとパレットFight Song!!,143.6,603.0,145.0,1.0,143.6,145.0,official
342,pastel_palettes__342,pastel_palettes,デイオフ・ラフ・ラブ・サンクス,139.7,687.0,140.0,1.0,139.7,140.0,official
343,pastel_palettes__343,pastel_palettes,ホワイト ノスタルジア,139.7,645.0,138.0,1.0,139.7,138.0,official
344,pastel_palettes__344,pastel_palettes,Y.O.L.O！！！！！(パスパレver.),105.5,694.0,210.0,2.0,211.0,210.0,official
345,pastel_palettes__345,pastel_palettes,奏（かなで） (Cover),152.0,162.0,75.0,1.0,152.0,75.0,official
346,pastel_palettes__346,pastel_palettes,Sparkling Daydream (Cover),87.6,395.0,175.0,1.0,175.2,175.0,official
347,pastel_palettes__347,pastel_palettes,春を告げる (Cover),120.2,405.0,120.0,1.0,120.2,120.0,official
348,pastel_palettes__348,pastel_palettes,だから、ひとりじゃない (Cover),90.7,454.0,180.0,1.0,181.4,180.0,official
349,pastel_palettes__349,pastel_palettes,サインはB (Cover),87.6,637.0,175.0,1.0,175.2,175.0,official
350,pastel_palettes__350,pastel_palettes,愛包ダンスホール (Cover),139.7,651.0,141.0,1.0,139.7,141.0,official
351,pastel_palettes__351,pastel_palettes,最上級にかわいいの！ (Cover),166.7,675.0,168.0,1.0,166.7,168.0,official
352,pastel_palettes__352,pastel_palettes,♡桃色片想い♡ (Cover),152.0,745.0,154.0,1.0,152.0,154.0,official
353,pastel_palettes__353,pastel_palettes,金曜日のおはよう (Cover),152.0,779.0,150.0,1.0,152.0,150.0,official
354,pastel_palettes__354,pastel_palettes,魔法少女とチョコレゐト (Cover),152.0,564.0,150.0,1.0,152.0,150.0,official
355,pastel_palettes__355,pastel_palettes,可愛くてごめん (Cover),161.5,533.0,160.0,1.0,161.5,160.0,official
356,pastel_palettes__356,pastel_palettes,からくりピエロ (Cover),101.3,213.0,102.0,1.0,202.6,102.0,official
357,pastel_palettes__357,pastel_palettes,みくみくにしてあげる♪【してやんよ】 (Cover),161.5,124.0,160.0,1.0,161.5,160.0,official
358,pastel_palettes__358,pastel_palettes,ルカルカ★ナイトフィーバー (Cover),161.5,260.0,160.0,1.0,161.5,160.0,official
359,pastel_palettes__359,pastel_palettes,アイドル (Cover),166.7,587.0,166.0,1.0,166.7,166.0,official
360,pastel_palettes__360,pastel_palettes,secret base ～君がくれたもの～ (Cover),143.6,18.0,144.0,1.0,143.6,144.0,official
361,pastel_palettes__361,pastel_palettes,ふわふわ時間 (Cover),90.7,59.0,180.0,1.0,181.4,180.0,official
362,pastel_palettes__362,pastel_palettes,Fantastic future (Cover),86.1,129.0,172.0,1.0,172.2,172.0,official
363,pastel_palettes__363,pastel_palettes,Baby Sweet Berry Love (Cover),84.7,176.0,170.0,1.0,169.4,170.0,official
364,pastel_palettes__364,pastel_palettes,Q＆A　リサイタル！ (Cover),90.7,167.0,182.0,1.0,181.4,182.0,official
365,pastel_palettes__365,pastel_palettes,ヒトリゴト (Cover),166.7,384.0,165.0,1.0,166.7,165.0,official
366,pastel_palettes__366,pastel_palettes,惑星ループ (Cover),84.7,501.0,170.0,1.0,169.4,170.0,official
367,pastel_palettes__367,pastel_palettes,世界は恋に落ちている (Cover),129.2,79.0,130.0,1.0,129.2,130.0,official
368,pastel_palettes__368,pastel_palettes,ハッピーシンセサイザ (Cover),126.0,85.0,127.0,1.0,126.0,127.0,official
369,pastel_palettes__369,pastel_palettes,春擬き (Cover),172.3,198.0,174.0,1.0,172.3,174.0,official
370,pastel_palettes__370,pastel_palettes,Make it! (Cover),86.1,315.0,172.0,1.0,172.2,172.0,official
371,pastel_palettes__371,pastel_palettes,花ハ踊レヤいろはにほ (Cover),161.5,238.0,160.0,1.0,161.5,160.0,official
372,pastel_palettes__372,pastel_palettes,夜に駆ける (Cover),129.2,317.0,130.0,1.0,129.2,130.0,official
373,pastel_palettes__373,pastel_palettes,徒花ネクロマンシー (Cover),86.1,342.0,172.0,1.0,172.2,172.0,official
374,pastel_palettes__374,pastel_palettes,ノスタルジックレインフォール (Cover),166.7,274.0,165.0,1.0,166.7,165.0,official
375,poppin_party__375,poppin_party,Yes! BanG_Dream!,92.3,1.0,185.0,1.0,184.6,185.0,official
376,poppin_party__376,poppin_party,STAR BEAT!～ホシノコドウ～,97.5,2.0,195.0,1.0,195.0,195.0,official
377,poppin_party__377,poppin_party,走り始めたばかりのキミに,166.7,12.0,125.0,1.0,166.7,125.0,official
378,poppin_party__378,poppin_party,ティアドロップス,95.7,4.0,190.0,1.0,191.4,190.0,official
379,poppin_party__379,poppin_party,ときめきエクスペリエンス！,90.7,24.0,180.0,1.0,181.4,180.0,official
380,poppin_party__380,poppin_party,キラキラだとか夢だとか ～Sing Girls～,90.7,25.0,180.0,1.0,181.4,180.0,official
381,poppin_party__381,poppin_party,私の心はチョココロネ,132.5,115.0,134.0,1.0,132.5,134.0,official
382,poppin_party__382,poppin_party,前へススメ！,90.7,43.0,181.0,1.0,181.4,181.0,official
383,poppin_party__383,poppin_party,夢みるSunflower,82.0,45.0,164.0,1.0,164.0,164.0,official
384,poppin_party__384,poppin_party,ティアドロップス ～Popipa Acoustic Ver.～,178.2,,,,178.2,178.2,estimated
385,poppin_party__385,poppin_party,走り始めたばかりのキミに ～Popipa Acoustic Ver.～,107.7,,,,215.4,215.4,estimated
386,poppin_party__386,poppin_party,Time Lapse,95.7,73.0,192.0,1.0,191.4,192.0,official
387,poppin_party__387,poppin_party,八月のif,120.2,64.0,120.0,1.0,120.2,120.0,official
388,poppin_party__388,poppin_party,クリスマスのうた,139.7,91.0,138.0,2.0,139.7,138.0,official
389,poppin_party__389,poppin_party,B.O.F,87.6,92.0,175.0,1.0,175.2,175.0,official
390,poppin_party__390,poppin_party,CiRCLING,79.5,95.0,160.0,1.0,159.0,160.0,official
391,poppin_party__391,poppin_party,二重の虹(ダブル レインボウ),94.0,122.0,188.0,1.0,188.0,188.0,official
392,poppin_party__392,poppin_party,最高(さあ行こう)！,90.7,130.0,180.0,1.0,181.4,180.0,official
393,poppin_party__393,poppin_party,ガールズコード,126.0,143.0,125.0,1.0,126.0,125.0,official
394,poppin_party__394,poppin_party,Yes! BanG_Dream! ～Popipa Acoustic Ver.～,84.7,,,,169.4,169.4,estimated
395,poppin_party__395,poppin_party,夏空 SUN! SUN! SEVEN! ～Popipa Acoustic Ver.～,161.5,,,,161.5,161.5,estimated
396,poppin_party__396,poppin_party,STAR BEAT!～ホシノコドウ～ ～Popipa Acoustic Ver.～,87.6,,,,175.2,175.2,estimated
397,poppin_party__397,poppin_party,Breakthrough!,92.3,278.0,184.0,1.0,184.6,184.0,official
398,poppin_party__398,poppin_party,NO GIRL NO CRY/Poppin'Party Ver.,95.7,,,,191.4,191.4,estimated
399,poppin_party__399,poppin_party,イニシャル,95.7,232.0,193.0,1.0,191.4,193.0,official
400,poppin_party__400,poppin_party,Hello! Wink!,152.0,219.0,152.0,1.0,152.0,152.0,official
401,poppin_party__401,poppin_party,Step×Step!,147.7,244.0,148.0,1.0,147.7,148.0,official
402,poppin_party__402,poppin_party,Jumpin',97.5,170.0,195.0,6.0,195.0,195.0,official
403,poppin_party__403,poppin_party,White Afternoon,143.6,234.0,145.0,1.0,143.6,145.0,official
404,poppin_party__404,poppin_party,キラキラスター！,74.9,,,,149.8,149.8,estimated
405,poppin_party__405,poppin_party,Returns,92.3,180.0,185.0,10.0,184.6,185.0,official
406,poppin_party__406,poppin_party,Dreamers Go!,92.3,182.0,185.0,1.0,184.6,185.0,official
407,poppin_party__407,poppin_party,キズナミュージック♪,94.0,158.0,189.0,1.0,188.0,189.0,official
408,poppin_party__408,poppin_party,ミライトレイン,87.6,265.0,176.0,1.0,175.2,176.0,official
409,poppin_party__409,poppin_party,夢を撃ち抜く瞬間に！,101.3,239.0,203.0,6.0,202.6,203.0,official
410,poppin_party__410,poppin_party,ぽっぴん'しゃっふる,110.0,3.0,220.0,1.0,220.0,220.0,official
411,poppin_party__411,poppin_party,夏空 SUN! SUN! SEVEN!,87.6,5.0,176.0,1.0,175.2,176.0,official
412,poppin_party__412,poppin_party,1000回潤んだ空,90.7,13.0,182.0,1.0,181.4,182.0,official
413,poppin_party__413,poppin_party,HAPPY HAPPY PARTY!,69.8,40.0,140.0,1.0,139.6,140.0,official
414,poppin_party__414,poppin_party,夏のドーン！,79.5,61.0,160.0,1.0,159.0,160.0,official
415,poppin_party__415,poppin_party,キミにもらったもの,147.7,47.0,147.0,1.0,147.7,147.0,official
416,poppin_party__416,poppin_party,Light Delight,90.7,112.0,180.0,1.0,181.4,180.0,official
417,poppin_party__417,poppin_party,切ないSandglass,92.3,211.0,183.0,1.0,184.6,183.0,official
418,poppin_party__418,poppin_party,Home Street,105.5,155.0,210.0,1.0,211.0,210.0,official
419,poppin_party__419,poppin_party,What's the POPIPA!?,92.3,220.0,186.0,1.0,184.6,186.0,official
420,poppin_party__420,poppin_party,SAKURA MEMORIES,87.6,177.0,176.0,1.0,175.2,176.0,official
421,poppin_party__421,poppin_party,アニバーサリー,84.7,202.0,170.0,1.0,169.4,170.0,official
422,poppin_party__422,poppin_party,Tomorrow's Door,89.1,701.0,177.0,1.0,178.2,177.0,official
423,poppin_party__423,poppin_party,イントロダクション,82.0,381.0,165.0,1.0,164.0,165.0,official
424,poppin_party__424,poppin_party,TARINAI,95.7,650.0,190.0,1.0,191.4,190.0,official
425,poppin_party__425,poppin_party,DOKI DOKI SCARY,143.6,643.0,142.0,1.0,143.6,142.0,official
426,poppin_party__426,poppin_party,Photograph,152.0,294.0,150.0,1.0,152.0,150.0,official
427,poppin_party__427,poppin_party,夏に閉じこめて,95.7,354.0,190.0,1.0,191.4,190.0,official
428,poppin_party__428,poppin_party,ぽっぴん'どりーむ！,99.4,390.0,200.0,1.0,198.8,200.0,official
429,poppin_party__429,poppin_party,星の約束,87.6,391.0,175.0,1.0,175.2,175.0,official
430,poppin_party__430,poppin_party,新しい季節に,126.0,490.0,125.0,1.0,126.0,125.0,official
431,poppin_party__431,poppin_party,トレモロアイズ,82.0,599.0,165.0,1.0,164.0,165.0,official
432,poppin_party__432,poppin_party,雨上がり、キミと,94.0,614.0,188.0,1.0,188.0,188.0,official
433,poppin_party__433,poppin_party,花咲く未来に,69.8,625.0,140.0,1.0,139.6,140.0,official
434,poppin_party__434,poppin_party,Live Beyond!!,95.7,326.0,190.0,1.0,191.4,190.0,official
435,poppin_party__435,poppin_party,Sweets BAN!,156.6,312.0,156.0,1.0,156.6,156.0,official
436,poppin_party__436,poppin_party,キミが始まる！,89.1,,,,178.2,178.2,estimated
437,poppin_party__437,poppin_party,Moonlight Walk,95.7,447.0,190.0,1.0,191.4,190.0,official
438,poppin_party__438,poppin_party,ここから先は歌にならない,95.7,349.0,190.0,1.0,191.4,190.0,official
439,poppin_party__439,poppin_party,青春 To Be Continued,132.5,557.0,134.0,1.0,132.5,134.0,official
440,poppin_party__440,poppin_party,Future Place,92.3,452.0,183.0,1.0,184.6,183.0,official
441,poppin_party__441,poppin_party,大好き！,166.7,433.0,165.0,1.0,166.7,165.0,official
442,poppin_party__442,poppin_party,Five Letters,129.2,469.0,128.0,1.0,129.2,128.0,official
443,poppin_party__443,poppin_party,最強☆ソング,90.7,493.0,180.0,1.0,181.4,180.0,official
444,poppin_party__444,poppin_party,RiNG A BELL,90.7,476.0,182.0,1.0,181.4,182.0,official
445,poppin_party__445,poppin_party,Drive Your Heart,147.7,712.0,150.0,1.0,147.7,150.0,official
446,poppin_party__446,poppin_party,とっておきAnswer,95.7,669.0,192.0,1.0,191.4,192.0,official
447,poppin_party__447,poppin_party,START!! True dreams,89.1,765.0,178.0,1.0,178.2,178.0,official
448,poppin_party__448,poppin_party,どきどきデエト,92.3,768.0,186.0,1.0,184.6,186.0,official
449,poppin_party__449,poppin_party,チョコレイトの低音レシピ,95.7,58.0,96.0,1.0,191.4,96.0,official
450,poppin_party__450,poppin_party,Chu Chueen!,105.5,554.0,210.0,1.0,211.0,210.0,official
451,poppin_party__451,poppin_party,どきどきSING OUT!,97.5,51.0,194.0,1.0,195.0,194.0,official
452,poppin_party__452,poppin_party,Freedom,79.5,415.0,160.0,1.0,159.0,160.0,official
453,poppin_party__453,poppin_party,Game Changer,99.4,782.0,198.0,1.0,198.8,198.0,official
454,poppin_party__454,poppin_party,花園電気ギター！！！,94.0,57.0,188.0,1.0,188.0,188.0,official
455,poppin_party__455,poppin_party,す、好きなんかじゃない！,83.4,80.0,166.0,1.0,166.8,166.0,official
456,poppin_party__456,poppin_party,遠い音楽 ～ハートビート～,84.7,74.0,168.0,1.0,169.4,168.0,official
457,poppin_party__457,poppin_party,ほな！,184.6,527.0,186.0,1.0,184.6,186.0,official
458,poppin_party__458,poppin_party,世界中の青空をあつめて,97.5,741.0,194.0,1.0,195.0,194.0,official
459,poppin_party__459,poppin_party,勇気Limit！,112.3,371.0,224.0,1.0,112.3,224.0,official
460,poppin_party__460,poppin_party,開けたらDream!,139.7,240.0,140.0,1.0,139.7,140.0,official
461,poppin_party__461,poppin_party,絆色のアンサンブル,94.0,353.0,189.0,2.0,188.0,189.0,official
462,poppin_party__462,poppin_party,NO GIRL NO CRY (Poppin'Party Ver.),95.7,181.0,190.0,1.0,191.4,190.0,official
463,poppin_party__463,poppin_party,ちゅ、多様性。 (Cover),152.0,626.0,153.0,1.0,152.0,153.0,official
464,poppin_party__464,poppin_party,フィクション (Cover),123.0,678.0,246.0,1.0,123.0,246.0,official
465,poppin_party__465,poppin_party,幾億光年 (Cover),95.7,653.0,95.5,2.0,191.4,95.5,official
466,poppin_party__466,poppin_party,心絵 (Cover),95.7,502.0,190.0,1.0,191.4,190.0,official
467,poppin_party__467,poppin_party,じょいふる (Cover),79.5,744.0,159.0,1.0,159.0,159.0,official
468,poppin_party__468,poppin_party,MATSURI BAYASHI (Cover),152.0,774.0,153.0,2.0,152.0,153.0,official
469,poppin_party__469,poppin_party,私は最強 (Cover),95.7,566.0,192.0,1.0,191.4,192.0,official
470,poppin_party__470,poppin_party,トウキョウ・シャンディ・ランデヴ (Cover),136.0,538.0,137.0,1.0,136.0,137.0,official
471,poppin_party__471,poppin_party,夜行性ハイズ (Cover),132.5,173.0,132.0,1.0,132.5,132.0,official
472,poppin_party__472,poppin_party,メランコリック (Cover),139.7,100.0,140.0,1.0,139.7,140.0,official
473,poppin_party__473,poppin_party,怪獣の花唄 (Cover),74.9,594.0,150.0,1.0,149.8,150.0,official
474,poppin_party__474,poppin_party,光るなら (Cover),79.5,42.0,160.0,1.0,159.0,160.0,official
475,poppin_party__475,poppin_party,ミュージック・アワー (Cover),136.0,209.0,135.0,1.0,136.0,135.0,official
476,poppin_party__476,poppin_party,only my railgun (Cover),143.6,67.0,143.0,1.0,143.6,143.0,official
477,poppin_party__477,poppin_party,ロミオとシンデレラ (Cover),84.7,138.0,170.0,1.0,169.4,170.0,official
478,poppin_party__478,poppin_party,Daydream café (Cover),147.7,190.0,150.0,1.0,147.7,150.0,official
479,poppin_party__479,poppin_party,君じゃなきゃダメみたい (Cover),132.5,86.0,131.0,1.0,132.5,131.0,official
480,poppin_party__480,poppin_party,＊〜アスタリスク〜 (Cover),129.2,480.0,128.0,1.0,129.2,128.0,official
481,poppin_party__481,poppin_party,DAYS of DASH (Cover),79.5,351.0,160.0,1.0,159.0,160.0,official
482,poppin_party__482,poppin_party,檄！帝国華撃団 (Cover),71.8,179.0,143.0,1.0,143.6,143.0,official
483,poppin_party__483,poppin_party,DAYS (Cover),136.0,120.0,135.0,1.0,136.0,135.0,official
484,poppin_party__484,poppin_party,ディスカバリー！ (Cover),86.1,199.0,172.0,1.0,172.2,172.0,official
485,poppin_party__485,poppin_party,チェリボム (Cover),95.7,196.0,190.0,1.0,191.4,190.0,official
486,poppin_party__486,poppin_party,ヴァンパイア (Cover),82.0,403.0,164.0,1.0,164.0,164.0,official
487,poppin_party__487,poppin_party,怪物 (Cover),84.7,382.0,170.0,1.0,169.4,170.0,official
488,poppin_party__488,poppin_party,大河よ共に泣いてくれ (Cover),87.6,343.0,174.0,1.0,175.2,174.0,official
489,poppin_party__489,poppin_party,空色デイズ (Cover),87.6,8.0,174.0,1.0,175.2,174.0,official
490,raise_a_suilen__490,raise_a_suilen,Invincible Fighter,99.4,448.0,197.0,1.0,198.8,197.0,official
491,raise_a_suilen__491,raise_a_suilen,A DECLARATION OF ×××,152.0,203.0,150.0,1.0,152.0,150.0,official
492,raise_a_suilen__492,raise_a_suilen,SOUL SOLDIER,95.7,432.0,192.0,1.0,191.4,192.0,official
493,raise_a_suilen__493,raise_a_suilen,UNSTOPPABLE,84.7,194.0,170.0,1.0,169.4,170.0,official
494,raise_a_suilen__494,raise_a_suilen,HELL! or HELL?,99.4,359.0,197.0,1.0,198.8,197.0,official
495,raise_a_suilen__495,raise_a_suilen,Beautiful Birthday,87.6,288.0,175.0,1.0,175.2,175.0,official
496,raise_a_suilen__496,raise_a_suilen,Takin’ my Heart,92.3,449.0,92.0,1.0,184.6,92.0,official
497,raise_a_suilen__497,raise_a_suilen,DRIVE US CRAZY,105.5,413.0,210.0,1.0,211.0,210.0,official
498,raise_a_suilen__498,raise_a_suilen,!NVADE SHOW!,84.7,289.0,169.0,1.0,169.4,169.0,official
499,raise_a_suilen__499,raise_a_suilen,REIGNING,90.7,693.0,182.0,1.0,181.4,182.0,official
500,raise_a_suilen__500,raise_a_suilen,EXPOSE ‘Burn out!!!’,95.7,247.0,190.0,1.0,191.4,190.0,official
501,raise_a_suilen__501,raise_a_suilen,R・I・O・T,139.7,160.0,140.0,1.0,139.7,140.0,official
502,raise_a_suilen__502,raise_a_suilen,V.I.P MONSTER,172.3,606.0,172.0,1.0,172.3,172.0,official
503,raise_a_suilen__503,raise_a_suilen,mind of Prominence,94.0,301.0,188.0,1.0,188.0,188.0,official
504,raise_a_suilen__504,raise_a_suilen,Ray of hope,126.0,579.0,127.0,1.0,126.0,127.0,official
505,raise_a_suilen__505,raise_a_suilen,EXIST,139.7,325.0,140.0,6.0,139.7,140.0,official
506,raise_a_suilen__506,raise_a_suilen,Sacred world,70.8,360.0,142.0,1.0,141.6,142.0,official
507,raise_a_suilen__507,raise_a_suilen,-N-E-M-E-S-I-S-,143.6,505.0,145.0,1.0,143.6,145.0,official
508,raise_a_suilen__508,raise_a_suilen,DANCING DARING,94.0,495.0,188.0,1.0,188.0,188.0,official
509,raise_a_suilen__509,raise_a_suilen,BATTLE CRY,94.0,549.0,188.0,1.0,188.0,188.0,official
510,raise_a_suilen__510,raise_a_suilen,Domination to world,99.4,339.0,200.0,1.0,198.8,200.0,official
511,raise_a_suilen__511,raise_a_suilen,THE WAY OF LIFE,84.7,440.0,170.0,1.0,169.4,170.0,official
512,raise_a_suilen__512,raise_a_suilen,灼熱 Bonfire!,156.6,348.0,155.0,1.0,156.6,155.0,official
513,raise_a_suilen__513,raise_a_suilen,Repaint,103.4,399.0,205.0,1.0,206.8,205.0,official
514,raise_a_suilen__514,raise_a_suilen,Life on the Lotus,136.0,602.0,203.0,3.0,136.0,203.0,official
515,raise_a_suilen__515,raise_a_suilen,CORUSCATE -DNA-,147.7,383.0,148.0,1.0,147.7,148.0,official
516,raise_a_suilen__516,raise_a_suilen,That Is How I Roll!,90.7,26.0,180.0,1.0,181.4,180.0,official
517,raise_a_suilen__517,raise_a_suilen,しゅわりん☆どり～みん,87.6,32.0,176.0,1.0,175.2,176.0,official
518,raise_a_suilen__518,raise_a_suilen,パスパレボリューションず☆,87.6,33.0,174.0,1.0,175.2,174.0,official
519,raise_a_suilen__519,raise_a_suilen,えがおのオーケストラっ！,139.7,35.0,138.0,1.0,139.7,138.0,official
520,raise_a_suilen__520,raise_a_suilen,Don't be afraid!,90.7,41.0,180.0,1.0,181.4,180.0,official
521,raise_a_suilen__521,raise_a_suilen,ゆら・ゆらRing-Dong-Dance,86.1,60.0,172.0,1.0,172.2,172.0,official
522,raise_a_suilen__522,raise_a_suilen,Hey-day狂騒曲(カプリチオ),79.5,65.0,158.0,1.0,159.0,158.0,official
523,raise_a_suilen__523,raise_a_suilen,Scarlet Sky,90.7,28.0,180.0,1.0,181.4,180.0,official
524,raise_a_suilen__524,raise_a_suilen,ゴーカ！ごーかい！？ファントムシーフ！,107.7,37.0,215.0,1.0,215.4,215.0,official
526,raise_a_suilen__526,raise_a_suilen,That Is How I Roll! (ライブ / アンコール),90.7,26.0,180.0,1.0,181.4,180.0,official
527,raise_a_suilen__527,raise_a_suilen,R･I･O･T (ライブ / アンコール),69.8,160.0,140.0,1.0,139.6,140.0,official
528,raise_a_suilen__528,raise_a_suilen,Apocalypse,152.0,,,,152.0,152.0,estimated
529,raise_a_suilen__529,raise_a_suilen,TWIN TALE,99.4,,,,198.8,198.8,estimated
530,raise_a_suilen__530,raise_a_suilen,STRAY CERBERUS,90.7,,,,181.4,181.4,estimated
531,raise_a_suilen__531,raise_a_suilen,BERSER-KEY,120.2,,,,120.2,120.2,estimated
532,raise_a_suilen__532,raise_a_suilen,POLARIS,92.3,,,,184.6,184.6,estimated
533,raise_a_suilen__533,raise_a_suilen,HOWLING AMBITION,136.0,672.0,136.0,1.0,136.0,136.0,official
534,raise_a_suilen__534,raise_a_suilen,VIVID FIRST TIME,99.4,647.0,200.0,1.0,198.8,200.0,official
535,raise_a_suilen__535,raise_a_suilen,'FIGHT' ADDICT,97.5,725.0,195.0,1.0,195.0,195.0,official
536,raise_a_suilen__536,raise_a_suilen,Drown Out the Noise and Push Through the Trash,95.7,755.0,190.0,1.0,191.4,190.0,official
537,raise_a_suilen__537,raise_a_suilen,FIVE as ONE,95.7,706.0,190.0,1.0,191.4,190.0,official
538,raise_a_suilen__538,raise_a_suilen,EXPOSE 'Burn out!!!' (English),95.7,247.0,190.0,1.0,191.4,190.0,official
539,raise_a_suilen__539,raise_a_suilen,Takin' my Heart (English),92.3,,,,184.6,184.6,estimated
540,raise_a_suilen__540,raise_a_suilen,WELCOME TO PANDEMONIUM,101.3,652.0,204.0,1.0,202.6,204.0,official
541,raise_a_suilen__541,raise_a_suilen,WHAT AN EXPLOSION,95.7,789.0,190.0,2.0,191.4,190.0,official
542,raise_a_suilen__542,raise_a_suilen,RUNAWAY STAR,99.4,766.0,200.0,1.0,198.8,200.0,official
543,raise_a_suilen__543,raise_a_suilen,Bad Kids All Bet,84.7,623.0,170.0,1.0,169.4,170.0,official
544,raise_a_suilen__544,raise_a_suilen,Light a fire,139.7,417.0,138.0,1.0,139.7,138.0,official
545,raise_a_suilen__545,raise_a_suilen,Embrace of light,101.3,375.0,76.0,1.0,202.6,76.0,official
546,raise_a_suilen__546,raise_a_suilen,OUTSIDER RODEO,147.7,314.0,148.0,1.0,147.7,148.0,official
547,raise_a_suilen__547,raise_a_suilen,JUST THE WAY I AM,90.7,662.0,180.0,1.0,181.4,180.0,official
548,raise_a_suilen__548,raise_a_suilen,ラスハピーポー！,97.5,357.0,196.0,1.0,195.0,196.0,official
549,raise_a_suilen__549,raise_a_suilen,1/3の純情な感情 (Cover),76.0,206.0,152.0,1.0,152.0,152.0,official
550,raise_a_suilen__550,raise_a_suilen,ヒトリノ夜 (Cover),87.6,272.0,174.0,1.0,175.2,174.0,official
551,raise_a_suilen__551,raise_a_suilen,激動 (Cover),112.3,224.0,113.0,1.0,112.3,113.0,official
552,raise_a_suilen__552,raise_a_suilen,メギツネ (Cover),143.6,426.0,142.0,1.0,143.6,142.0,official
553,raise_a_suilen__553,raise_a_suilen,Bling-Bang-Bang-Born (Cover),156.6,631.0,157.0,1.0,156.6,157.0,official
554,raise_a_suilen__554,raise_a_suilen,第六感 (Cover),132.5,679.0,134.0,1.0,132.5,134.0,official
555,raise_a_suilen__555,raise_a_suilen,革命道中 (Cover),94.0,777.0,186.0,2.0,188.0,186.0,official
556,raise_a_suilen__556,raise_a_suilen,Get Wild (Cover),132.5,516.0,134.0,1.0,132.5,134.0,official
557,raise_a_suilen__557,raise_a_suilen,ボッカデラべリタ (Cover),84.7,,,,169.4,169.4,estimated
558,raise_a_suilen__558,raise_a_suilen,第ゼロ感 (Cover),152.0,570.0,150.0,1.0,152.0,150.0,official
559,raise_a_suilen__559,raise_a_suilen,劣等上等 (Cover),161.5,283.0,160.0,1.0,161.5,160.0,official
560,raise_a_suilen__560,raise_a_suilen,Just Awake (Cover),95.7,397.0,191.0,1.0,191.4,191.0,official
561,raise_a_suilen__561,raise_a_suilen,Keep the Heat and Fire Yourself Up (Cover),152.0,379.0,155.0,1.0,152.0,155.0,official
562,raise_a_suilen__562,raise_a_suilen,ボッカデラベリタ (Cover),84.7,593.0,170.0,1.0,169.4,170.0,official
563,raise_a_suilen__563,raise_a_suilen,VORACITY (Cover),99.4,459.0,200.0,1.0,198.8,200.0,official
564,raise_a_suilen__564,raise_a_suilen,神っぽいな (Cover),143.6,483.0,142.0,1.0,143.6,142.0,official
565,raise_a_suilen__565,raise_a_suilen,狂乱 Hey Kids!! (Cover),143.6,446.0,142.0,1.0,143.6,142.0,official
566,raise_a_suilen__566,raise_a_suilen,SAVIOR OF SONG (Cover),95.7,306.0,192.0,1.0,191.4,192.0,official
567,raise_a_suilen__567,raise_a_suilen,恋しさとせつなさと心強さと (Cover),129.2,287.0,130.0,1.0,129.2,130.0,official
568,raise_a_suilen__568,raise_a_suilen,DEPARTURES (Cover),99.4,386.0,100.0,1.0,198.8,100.0,official
569,raise_a_suilen__569,raise_a_suilen,CORE PRIDE (Cover),92.3,333.0,185.0,1.0,184.6,185.0,official
570,roselia__570,roselia,Neo-Aspect,120.2,118.0,180.0,1.0,120.2,180.0,official
571,roselia__571,roselia,BLACK SHOUT,92.3,29.0,185.0,1.0,184.6,185.0,official
572,roselia__572,roselia,Opera of the wasteland,136.0,97.0,135.0,1.0,136.0,135.0,official
573,roselia__573,roselia,陽だまりロードナイト,143.6,53.0,143.0,1.0,143.6,143.0,official
574,roselia__574,roselia,ONENESS,95.7,96.0,190.0,6.0,191.4,190.0,official
575,roselia__575,roselia,Re:birth day,84.7,30.0,170.0,1.0,169.4,170.0,official
576,roselia__576,roselia,Legendary,143.6,119.0,144.0,1.0,143.6,144.0,official
577,roselia__577,roselia,- HEROIC ADVENT -,90.7,75.0,182.0,1.0,181.4,182.0,official
578,roselia__578,roselia,Determination Symphony,95.7,76.0,190.0,1.0,191.4,190.0,official
579,roselia__579,roselia,熱色スターマイン,94.0,56.0,187.0,1.0,188.0,187.0,official
580,roselia__580,roselia,軌跡,84.7,111.0,85.0,1.0,169.4,85.0,official
581,roselia__581,roselia,LOUDER,97.5,31.0,195.0,1.0,195.0,195.0,official
582,roselia__582,roselia,R,94.0,149.0,188.0,1.0,188.0,188.0,official
583,roselia__583,roselia,BRAVE JEWEL,95.7,159.0,192.0,1.0,191.4,192.0,official
584,roselia__584,roselia,FIRE BIRD,152.0,187.0,150.0,9.0,152.0,150.0,official
585,roselia__585,roselia,Safe and Sound,90.7,168.0,182.0,1.0,181.4,182.0,official
586,roselia__586,roselia,Avant-garde HISTORY,76.0,266.0,114.0,1.0,152.0,114.0,official
587,roselia__587,roselia,Break your desire,103.4,250.0,205.0,1.0,206.8,205.0,official
589,roselia__589,roselia,約束,123.0,200.0,123.0,2.0,123.0,123.0,official
590,roselia__590,roselia,"""UNIONS"" Road",136.0,,,,136.0,136.0,estimated
591,roselia__591,roselia,Song I am.,95.7,245.0,190.0,1.0,191.4,190.0,official
592,roselia__592,roselia,Sage der Rosen,79.5,616.0,160.0,6.0,159.0,160.0,official
593,roselia__593,roselia,覚悟のLiberation,92.3,558.0,185.0,1.0,184.6,185.0,official
594,roselia__594,roselia,Keep Heart,99.4,310.0,198.0,1.0,198.8,198.0,official
595,roselia__595,roselia,Original Call,172.3,330.0,174.0,1.0,172.3,174.0,official
596,roselia__596,roselia,Always recall.,123.0,585.0,185.0,1.0,123.0,185.0,official
597,roselia__597,roselia,Floral Haven,95.7,609.0,190.0,3.0,191.4,190.0,official
598,roselia__598,roselia,Sprechchor,147.7,346.0,150.0,1.0,147.7,150.0,official
599,roselia__599,roselia,閃光,89.1,410.0,178.0,1.0,178.2,178.0,official
600,roselia__600,roselia,THE HISTORIC...,87.6,416.0,175.0,1.0,175.2,175.0,official
601,roselia__601,roselia,ROZEN HORIZON,161.5,431.0,160.0,10.0,161.5,160.0,official
602,roselia__602,roselia,廻廻奇譚,92.3,411.0,185.0,1.0,184.6,185.0,official
603,roselia__603,roselia,鳥の詩,123.0,332.0,122.0,1.0,123.0,122.0,official
604,roselia__604,roselia,Synchrogazer,79.5,323.0,159.0,1.0,159.0,159.0,official
605,roselia__605,roselia,名前のない怪物,90.7,165.0,180.0,1.0,181.4,180.0,official
606,roselia__606,roselia,Dazzle the Destiny,95.7,696.0,191.0,1.0,191.4,191.0,official
607,roselia__607,roselia,Grateful Melting,120.2,665.0,120.0,1.0,120.2,120.0,official
608,roselia__608,roselia,Second to None,92.3,690.0,186.0,1.0,184.6,186.0,official
609,roselia__609,roselia,Steadfast Spirits,95.7,714.0,192.0,1.0,191.4,192.0,official
610,roselia__610,roselia,紫炎,95.7,713.0,190.0,1.0,191.4,190.0,official
611,roselia__611,roselia,XV,95.7,793.0,193.0,1.0,191.4,193.0,official
612,roselia__612,roselia,Blessing Chord,152.0,271.0,153.0,1.0,152.0,153.0,official
613,roselia__613,roselia,Fear Nothing,114.8,746.0,230.0,1.0,114.8,230.0,official
614,roselia__614,roselia,PASSIONATE ANTHEM,97.5,153.0,195.0,1.0,195.0,195.0,official
615,roselia__615,roselia,Requiem for Fate,152.0,717.0,154.0,1.0,152.0,154.0,official
616,roselia__616,roselia,Sanctuary,120.2,142.0,182.0,1.0,120.2,182.0,official
617,roselia__617,roselia,Sunlit Musical,92.3,511.0,185.0,1.0,184.6,185.0,official
618,roselia__618,roselia,Talk to My Tone,139.7,771.0,104.0,1.0,139.7,104.0,official
619,roselia__619,roselia,一逢のFull Glory,99.4,473.0,200.0,1.0,198.8,200.0,official
620,roselia__620,roselia,礎の花冠,172.3,618.0,174.0,1.0,172.3,174.0,official
621,roselia__621,roselia,FRONTIER FANTASIA,89.1,638.0,178.0,1.0,178.2,178.0,official
622,roselia__622,roselia,Dear Gleam,97.5,453.0,196.0,2.0,195.0,196.0,official
623,roselia__623,roselia,Call the shots,94.0,492.0,189.0,1.0,188.0,189.0,official
624,roselia__624,roselia,THRONE OF ROSE,161.5,543.0,160.0,1.0,161.5,160.0,official
625,roselia__625,roselia,VIOLET LINE,99.4,584.0,200.0,1.0,198.8,200.0,official
626,roselia__626,roselia,Ringing Bloom,97.5,175.0,195.0,1.0,195.0,195.0,official
627,roselia__627,roselia,ZEAL of proud,97.5,291.0,195.0,1.0,195.0,195.0,official
628,roselia__628,roselia,Singing “OURS”,126.0,350.0,125.0,3.0,126.0,125.0,official
629,roselia__629,roselia,競宴Red×Violet,147.7,355.0,148.0,1.0,147.7,148.0,official
630,roselia__630,roselia,overtuRe,95.7,337.0,193.0,1.0,191.4,193.0,official
631,roselia__631,roselia,Proud of oneself,95.7,328.0,193.0,4.0,191.4,193.0,official
632,roselia__632,roselia,Sing Alive,97.5,344.0,195.0,1.0,195.0,195.0,official
633,roselia__633,roselia,Swear ～Night & Day～,112.3,434.0,113.0,1.0,112.3,113.0,official
634,roselia__634,roselia,Reweave (Cover),92.3,677.0,183.0,1.0,184.6,183.0,official
635,roselia__635,roselia,ヒバナ -Reloaded- (Cover),99.4,537.0,200.0,1.0,198.8,200.0,official
636,roselia__636,roselia,ファタール (Cover),156.6,639.0,156.0,1.0,156.6,156.0,official
637,roselia__637,roselia,HONEY (Cover),90.7,778.0,182.0,1.0,181.4,182.0,official
638,roselia__638,roselia,悪魔の子 (Cover),178.2,657.0,90.0,13.0,178.2,90.0,official
639,roselia__639,roselia,slash (Cover),143.6,565.0,108.0,1.0,143.6,108.0,official
640,roselia__640,roselia,右肩の蝶 (Cover),139.7,281.0,140.0,1.0,139.7,140.0,official
641,roselia__641,roselia,乙女解剖 (Cover),67.1,589.0,134.0,1.0,134.2,134.0,official
642,roselia__642,roselia,六兆年と一夜物語 (Cover),92.3,128.0,186.0,2.0,184.6,186.0,official
643,roselia__643,roselia,残酷な天使のテーゼ (Cover),139.7,87.0,140.0,2.0,139.7,140.0,official
644,roselia__644,roselia,海色 (Cover),97.5,204.0,195.0,1.0,195.0,195.0,official
645,roselia__645,roselia,ETERNAL BLAZE (Cover),156.6,9.0,155.0,2.0,156.6,155.0,official
646,roselia__646,roselia,魂のルフラン (Cover),129.2,17.0,130.0,1.0,129.2,130.0,official
647,roselia__647,roselia,This game (Cover),147.7,109.0,147.0,1.0,147.7,147.0,official
648,roselia__648,roselia,スカイクラッドの観測者 (Cover),83.4,450.0,167.0,1.0,166.8,167.0,official
649,roselia__649,roselia,シャルル (Cover),72.8,137.0,145.0,1.0,145.6,145.0,official
650,roselia__650,roselia,新時代 (Cover),87.6,477.0,175.0,15.0,175.2,175.0,official
651,roselia__651,roselia,革命デュアリズム (Cover),103.4,178.0,205.0,1.0,206.8,205.0,official
652,roselia__652,roselia,Red fraction (Cover),143.6,71.0,142.0,1.0,143.6,142.0,official
653,roselia__653,roselia,深愛 (Cover),139.7,84.0,138.0,1.0,139.7,138.0,official
654,roselia__654,roselia,Paradisus‐Paradoxum (Cover),101.3,,,,202.6,202.6,estimated
655,roselia__655,roselia,Realize (Cover),103.4,406.0,206.0,1.0,206.8,206.0,official
656,roselia__656,roselia,Preserved Roses (Cover),83.4,430.0,167.0,1.0,166.8,167.0,official
657,roselia__657,roselia,My Dearest (Cover),166.7,338.0,168.0,1.0,166.7,168.0,official
658,roselia__658,roselia,Shangri-La (Cover),156.6,105.0,156.0,2.0,156.6,156.0,official
659,roselia__659,roselia,KING (Cover),83.4,361.0,166.0,1.0,166.8,166.0,official
660,mygo__660,mygo,素寄曲,117.5,,,,117.5,117.5,estimated
661,mygo__661,mygo,羅永線,95.7,,,,191.4,191.4,estimated
662,mygo__662,mygo,騒混出,90.7,,,,181.4,181.4,estimated
