query_id,tag,band,lyric_cosine,rank_in_pool
Q1,mygo__289,mygo,0.6291,1
Q1,mygo__661,mygo,0.5778,2
Q1,mygo__260,mygo,0.5741,3
Q1,mygo__284,mygo,0.5659,4
Q1,mygo__660,mygo,0.5427,5
Q1,mygo__262,mygo,0.5406,6
Q1,mygo__290,mygo,0.5387,7
Q1,mygo__261,mygo,0.5234,8
Q1,mygo__278,mygo,0.5193,9
Q1,mygo__273,mygo,0.5082,10
Q1,mygo__267,mygo,0.5073,11
Q1,mygo__662,mygo,0.5034,12
Q1,mygo__299,mygo,0.5034,13
Q1,mygo__288,mygo,0.4978,14
Q1,mygo__283,mygo,0.4908,15
Q2,raise_a_suilen__522,raise_a_suilen,0.6389,1
Q2,raise_a_suilen__549,raise_a_suilen,0.6066,2
Q2,raise_a_suilen__568,raise_a_suilen,0.5971,3
Q2,raise_a_suilen__542,raise_a_suilen,0.5933,4
Q2,raise_a_suilen__493,raise_a_suilen,0.5901,5
Q2,raise_a_suilen__565,raise_a_suilen,0.5898,6
Q2,raise_a_suilen__521,raise_a_suilen,0.5896,7
Q2,raise_a_suilen__555,raise_a_suilen,0.5704,8
Q2,raise_a_suilen__517,raise_a_suilen,0.5648,9
Q2,raise_a_suilen__514,raise_a_suilen,0.5635,10
Q2,raise_a_suilen__544,raise_a_suilen,0.5591,11
Q2,raise_a_suilen__526,raise_a_suilen,0.5534,12
Q2,raise_a_suilen__567,raise_a_suilen,0.553,13
Q2,raise_a_suilen__551,raise_a_suilen,0.5528,14
Q2,raise_a_suilen__491,raise_a_suilen,0.5522,15
Q2,raise_a_suilen__506,raise_a_suilen,0.5517,16
Q3,hello_happy_world__123,hello_happy_world,0.6413,1
Q3,pastel_palettes__331,pastel_palettes,0.6309,2
Q3,hello_happy_world__116,hello_happy_world,0.6215,3
Q3,raise_a_suilen__522,raise_a_suilen,0.6164,4
Q3,hello_happy_world__140,hello_happy_world,0.6151,5
Q3,afterglow__042,afterglow,0.6127,6
Q3,pastel_palettes__371,pastel_palettes,0.6046,7
Q3,hello_happy_world__120,hello_happy_world,0.5995,8
Q3,poppin_party__423,poppin_party,0.599,9
Q3,pastel_palettes__343,pastel_palettes,0.597,10
Q3,raise_a_suilen__568,raise_a_suilen,0.5952,11
Q3,poppin_party__383,poppin_party,0.5944,12
Q3,hello_happy_world__109,hello_happy_world,0.5944,13
Q3,afterglow__041,afterglow,0.5941,14
Q3,poppin_party__410,poppin_party,0.5906,15
Q3,poppin_party__443,poppin_party,0.5902,16
Q3,morfonica__189,morfonica,0.5872,17
Q3,hello_happy_world__111,hello_happy_world,0.5857,18
Q3,hello_happy_world__106,hello_happy_world,0.5853,19
Q3,poppin_party__450,poppin_party,0.5842,20
Q3,afterglow__018,afterglow,0.583,21
Q3,roselia__573,roselia,0.5825,22
Q3,afterglow__056,afterglow,0.5823,23
Q3,poppin_party__375,poppin_party,0.5822,24
Q3,hello_happy_world__121,hello_happy_world,0.5808,25
Q3,poppin_party__465,poppin_party,0.58,26
Q3,raise_a_suilen__521,raise_a_suilen,0.5788,27
Q3,pastel_palettes__368,pastel_palettes,0.5788,28
Q3,afterglow__043,afterglow,0.5787,29
Q3,raise_a_suilen__498,raise_a_suilen,0.5779,30
Q3,poppin_party__454,poppin_party,0.576,31
Q3,poppin_party__475,poppin_party,0.5743,32
Q3,raise_a_suilen__517,raise_a_suilen,0.5728,33
Q3,ave_mujica__088,ave_mujica,0.572,34
Q3,ave_mujica__073,ave_mujica,0.5719,35
Q3,afterglow__001,afterglow,0.5717,36
Q3,roselia__617,roselia,0.5716,37
Q3,hello_happy_world__115,hello_happy_world,0.5715,38
Q3,hello_happy_world__118,hello_happy_world,0.5712,39
Q3,raise_a_suilen__526,raise_a_suilen,0.5708,40
Q3,hello_happy_world__126,hello_happy_world,0.5703,41
Q3,poppin_party__427,poppin_party,0.57,42
Q3,poppin_party__417,poppin_party,0.57,43
Q3,ave_mujica__079,ave_mujica,0.5698,44
Q3,hello_happy_world__119,hello_happy_world,0.5691,45
Q3,pastel_palettes__318,pastel_palettes,0.5691,46
Q3,various_artists__104,various_artists,0.5691,47
Q3,hello_happy_world__107,hello_happy_world,0.569,48
Q3,roselia__612,roselia,0.5676,49
Q3,roselia__604,roselia,0.5674,50
Q3,poppin_party__441,poppin_party,0.5666,51
Q3,afterglow__058,afterglow,0.5665,52
Q3,poppin_party__480,poppin_party,0.5655,53
Q3,roselia__624,roselia,0.5654,54
Q3,pastel_palettes__344,pastel_palettes,0.5653,55
Q3,poppin_party__418,poppin_party,0.5644,56
Q3,raise_a_suilen__493,raise_a_suilen,0.5642,57
Q3,pastel_palettes__350,pastel_palettes,0.563,58
Q3,poppin_party__467,poppin_party,0.563,59
Q3,ave_mujica__096,ave_mujica,0.5624,60
Q3,raise_a_suilen__524,raise_a_suilen,0.5624,61
Q3,afterglow__071,afterglow,0.5617,62
Q3,poppin_party__464,poppin_party,0.5604,63
Q3,mygo__289,mygo,0.5603,64
Q3,hello_happy_world__117,hello_happy_world,0.5598,65
Q3,poppin_party__409,poppin_party,0.5596,66
Q3,pastel_palettes__358,pastel_palettes,0.5591,67
Q3,morfonica__206,morfonica,0.5591,68
Q3,pastel_palettes__341,pastel_palettes,0.5589,69
Q3,morfonica__181,morfonica,0.5588,70
Q3,afterglow__012,afterglow,0.5582,71
Q3,poppin_party__435,poppin_party,0.5579,72
Q3,poppin_party__446,poppin_party,0.5579,73
Q3,poppin_party__438,poppin_party,0.5573,74
Q3,pastel_palettes__365,pastel_palettes,0.5571,75
Q3,poppin_party__469,poppin_party,0.5568,76
Q3,poppin_party__422,poppin_party,0.5568,77
Q3,mygo__260,mygo,0.5562,78
Q3,poppin_party__413,poppin_party,0.5562,79
Q3,roselia__598,roselia,0.5559,80
Q3,afterglow__038,afterglow,0.5559,81
Q3,raise_a_suilen__544,raise_a_suilen,0.5552,82
Q3,poppin_party__430,poppin_party,0.5548,83
Q3,roselia__632,roselia,0.5538,84
Q3,poppin_party__377,poppin_party,0.5536,85
Q3,roselia__657,roselia,0.5534,86
Q3,raise_a_suilen__504,raise_a_suilen,0.5534,87
Q3,poppin_party__452,poppin_party,0.5532,88
Q3,pastel_palettes__332,pastel_palettes,0.5528,89
Q3,raise_a_suilen__513,raise_a_suilen,0.5527,90
Q3,pastel_palettes__337,pastel_palettes,0.5515,91
Q3,afterglow__044,afterglow,0.5513,92
Q3,pastel_palettes__317,pastel_palettes,0.5508,93
Q3,pastel_palettes__354,pastel_palettes,0.5507,94
Q3,raise_a_suilen__533,raise_a_suilen,0.5503,95
Q3,poppin_party__448,poppin_party,0.5494,96
Q3,raise_a_suilen__514,raise_a_suilen,0.5484,97
Q3,pastel_palettes__363,pastel_palettes,0.5481,98
Q3,poppin_party__440,poppin_party,0.5481,99
Q3,raise_a_suilen__518,raise_a_suilen,0.5472,100
Q3,roselia__586,roselia,0.5471,101
Q3,roselia__606,roselia,0.5471,102
Q3,ave_mujica__093,ave_mujica,0.5467,103
Q3,pastel_palettes__342,pastel_palettes,0.5464,104
Q3,roselia__580,roselia,0.5463,105
Q3,poppin_party__445,poppin_party,0.5463,106
Q3,poppin_party__479,poppin_party,0.546,107
Q3,morfonica__182,morfonica,0.5456,108
Q3,afterglow__017,afterglow,0.5452,109
Q3,hello_happy_world__149,hello_happy_world,0.545,110
Q3,roselia__653,roselia,0.545,111
Q3,afterglow__070,afterglow,0.5446,112
Q3,poppin_party__389,poppin_party,0.5444,113
Q3,afterglow__039,afterglow,0.5431,114
Q3,pastel_palettes__362,pastel_palettes,0.5431,115
Q3,raise_a_suilen__567,raise_a_suilen,0.5429,116
Q3,raise_a_suilen__542,raise_a_suilen,0.5428,117
Q3,ave_mujica__086,ave_mujica,0.5425,118
Q3,poppin_party__420,poppin_party,0.5423,119
Q3,poppin_party__457,poppin_party,0.5419,120
Q3,ave_mujica__083,ave_mujica,0.5415,121
Q3,roselia__658,roselia,0.5411,122
Q3,afterglow__029,afterglow,0.5411,123
Q3,poppin_party__381,poppin_party,0.5409,124
Q3,roselia__585,roselia,0.5408,125
Q3,poppin_party__407,poppin_party,0.5408,126
Q3,roselia__622,roselia,0.5406,127
Q3,mygo__660,mygo,0.5404,128
Q3,pastel_palettes__339,pastel_palettes,0.5401,129
Q3,afterglow__068,afterglow,0.54,130
Q3,roselia__595,roselia,0.5396,131
Q3,hello_happy_world__114,hello_happy_world,0.5395,132
Q3,mygo__284,mygo,0.5394,133
Q4,hello_happy_world__109,hello_happy_world,0.6244,1
Q4,hello_happy_world__115,hello_happy_world,0.6165,2
Q4,pastel_palettes__371,pastel_palettes,0.6103,3
Q4,raise_a_suilen__491,raise_a_suilen,0.61,4
Q4,raise_a_suilen__526,raise_a_suilen,0.6081,5
Q4,poppin_party__383,poppin_party,0.6044,6
Q4,poppin_party__375,poppin_party,0.6018,7
Q4,raise_a_suilen__504,raise_a_suilen,0.6012,8
Q4,raise_a_suilen__498,raise_a_suilen,0.6004,9
Q4,various_artists__104,various_artists,0.6,10
Q4,hello_happy_world__123,hello_happy_world,0.5981,11
Q4,pastel_palettes__332,pastel_palettes,0.598,12
Q4,ave_mujica__088,ave_mujica,0.5974,13
Q4,hello_happy_world__107,hello_happy_world,0.5949,14
Q4,poppin_party__413,poppin_party,0.5936,15
Q4,hello_happy_world__120,hello_happy_world,0.5921,16
Q4,pastel_palettes__331,pastel_palettes,0.5891,17
Q4,hello_happy_world__119,hello_happy_world,0.5889,18
Q4,hello_happy_world__111,hello_happy_world,0.5876,19
Q4,afterglow__036,afterglow,0.5838,20
Q4,afterglow__042,afterglow,0.5831,21
Q4,poppin_party__423,poppin_party,0.5812,22
Q4,hello_happy_world__116,hello_happy_world,0.5811,23
Q4,raise_a_suilen__522,raise_a_suilen,0.5796,24
Q4,poppin_party__443,poppin_party,0.5766,25
Q4,raise_a_suilen__568,raise_a_suilen,0.5742,26
Q4,poppin_party__379,poppin_party,0.5714,27
Q4,morfonica__189,morfonica,0.57,28
Q4,hello_happy_world__140,hello_happy_world,0.5697,29
Q4,raise_a_suilen__517,raise_a_suilen,0.5693,30
Q4,poppin_party__448,poppin_party,0.5681,31
Q4,raise_a_suilen__524,raise_a_suilen,0.5663,32
Q4,hello_happy_world__114,hello_happy_world,0.566,33
Q4,poppin_party__410,poppin_party,0.5647,34
Q4,roselia__611,roselia,0.5641,35
Q4,raise_a_suilen__533,raise_a_suilen,0.5636,36
Q4,roselia__621,roselia,0.5625,37
Q4,poppin_party__450,poppin_party,0.5621,38
Q4,afterglow__018,afterglow,0.5617,39
Q4,poppin_party__397,poppin_party,0.5611,40
Q4,ave_mujica__096,ave_mujica,0.5601,41
Q4,raise_a_suilen__543,raise_a_suilen,0.5597,42
Q4,afterglow__041,afterglow,0.5587,43
Q4,roselia__606,roselia,0.5581,44
Q4,hello_happy_world__117,hello_happy_world,0.5579,45
Q4,roselia__612,roselia,0.5575,46
Q4,poppin_party__440,poppin_party,0.5549,47
Q4,hello_happy_world__126,hello_happy_world,0.5535,48
Q4,pastel_palettes__343,pastel_palettes,0.5526,49
Q4,poppin_party__438,poppin_party,0.5523,50
Q4,various_artists__102,various_artists,0.552,51
Q4,raise_a_suilen__520,raise_a_suilen,0.552,52
Q4,poppin_party__467,poppin_party,0.5505,53
Q4,hello_happy_world__118,hello_happy_world,0.55,54
Q4,poppin_party__394,poppin_party,0.5497,55
Q4,poppin_party__452,poppin_party,0.5496,56
Q4,pastel_palettes__344,pastel_palettes,0.5495,57
Q4,afterglow__002,afterglow,0.5495,58
Q4,hello_happy_world__149,hello_happy_world,0.549,59
Q4,roselia__604,roselia,0.5488,60
Q4,poppin_party__388,poppin_party,0.5486,61
Q4,poppin_party__457,poppin_party,0.5486,62
Q4,raise_a_suilen__519,raise_a_suilen,0.5486,63
Q4,ave_mujica__095,ave_mujica,0.5481,64
Q4,hello_happy_world__106,hello_happy_world,0.5479,65
Q4,pastel_palettes__318,pastel_palettes,0.5467,66
Q4,roselia__632,roselia,0.5466,67
Q4,poppin_party__435,poppin_party,0.546,68
Q4,pastel_palettes__368,pastel_palettes,0.5458,69
Q4,roselia__651,roselia,0.5455,70
Q4,ave_mujica__083,ave_mujica,0.5447,71
Q4,afterglow__006,afterglow,0.5439,72
Q4,afterglow__013,afterglow,0.5435,73
Q4,poppin_party__445,poppin_party,0.5432,74
Q4,raise_a_suilen__527,raise_a_suilen,0.543,75
Q4,hello_happy_world__151,hello_happy_world,0.543,76
Q4,hello_happy_world__121,hello_happy_world,0.5427,77
Q4,ave_mujica__076,ave_mujica,0.5422,78
Q4,poppin_party__469,poppin_party,0.5413,79
Q4,raise_a_suilen__521,raise_a_suilen,0.5409,80
Q4,poppin_party__441,poppin_party,0.5408,81
Q4,pastel_palettes__341,pastel_palettes,0.5405,82
Q4,raise_a_suilen__542,raise_a_suilen,0.5402,83
Q4,roselia__608,roselia,0.5399,84
Q4,pastel_palettes__329,pastel_palettes,0.5398,85
Q4,morfonica__182,morfonica,0.5391,86
Q4,poppin_party__417,poppin_party,0.5389,87
Q4,roselia__617,roselia,0.5387,88
Q4,poppin_party__400,poppin_party,0.5384,89
Q4,afterglow__071,afterglow,0.5381,90
Q4,raise_a_suilen__513,raise_a_suilen,0.5381,91
Q4,ave_mujica__079,ave_mujica,0.538,92
Q4,poppin_party__422,poppin_party,0.5379,93
Q4,poppin_party__409,poppin_party,0.5377,94
Q4,poppin_party__485,poppin_party,0.5374,95
Q4,afterglow__005,afterglow,0.5374,96
Q4,afterglow__038,afterglow,0.5367,97
Q4,poppin_party__465,poppin_party,0.5361,98
Q4,poppin_party__480,poppin_party,0.5359,99
Q4,hello_happy_world__110,hello_happy_world,0.5356,100
Q4,ave_mujica__073,ave_mujica,0.5353,101
Q4,hello_happy_world__143,hello_happy_world,0.5352,102
Q4,hello_happy_world__166,hello_happy_world,0.5351,103
Q4,poppin_party__486,poppin_party,0.535,104
Q4,raise_a_suilen__511,raise_a_suilen,0.5338,105
Q4,poppin_party__434,poppin_party,0.5338,106
Q4,pastel_palettes__305,pastel_palettes,0.533,107
Q4,roselia__658,roselia,0.5322,108
Q4,roselia__595,roselia,0.5321,109
Q4,afterglow__016,afterglow,0.5311,110
Q4,roselia__610,roselia,0.5307,111
Q4,roselia__624,roselia,0.5304,112
Q4,poppin_party__419,poppin_party,0.5301,113
Q4,poppin_party__433,poppin_party,0.5297,114
Q4,roselia__623,roselia,0.5294,115
Q4,mygo__289,mygo,0.5292,116
Q4,afterglow__055,afterglow,0.5289,117
Q4,afterglow__043,afterglow,0.5286,118
Q4,poppin_party__390,poppin_party,0.5281,119
Q4,roselia__586,roselia,0.528,120
Q4,roselia__629,roselia,0.5275,121
Q4,poppin_party__427,poppin_party,0.5275,122
Q4,poppin_party__431,poppin_party,0.5275,123
Q4,raise_a_suilen__514,raise_a_suilen,0.5269,124
Q4,poppin_party__381,poppin_party,0.5269,125
Q4,afterglow__058,afterglow,0.5264,126
Q4,morfonica__181,morfonica,0.5263,127
Q4,afterglow__044,afterglow,0.526,128
Q4,afterglow__014,afterglow,0.5259,129
Q4,poppin_party__458,poppin_party,0.5259,130
Q4,roselia__573,roselia,0.5256,131
Q4,mygo__260,mygo,0.5255,132
Q4,poppin_party__447,poppin_party,0.5255,133
Q5,raise_a_suilen__491,raise_a_suilen,0.7343,1
Q5,pastel_palettes__371,pastel_palettes,0.7152,2
Q5,poppin_party__375,poppin_party,0.7011,3
Q5,roselia__611,roselia,0.6961,4
Q5,afterglow__036,afterglow,0.6951,5
Q5,raise_a_suilen__527,raise_a_suilen,0.6949,6
Q5,poppin_party__450,poppin_party,0.6947,7
Q5,raise_a_suilen__526,raise_a_suilen,0.6938,8
Q5,various_artists__104,various_artists,0.6916,9
Q5,roselia__629,roselia,0.687,10
Q5,hello_happy_world__119,hello_happy_world,0.6857,11
Q5,poppin_party__443,poppin_party,0.6845,12
Q5,ave_mujica__088,ave_mujica,0.6828,13
Q5,raise_a_suilen__498,raise_a_suilen,0.6821,14
Q5,hello_happy_world__115,hello_happy_world,0.6796,15
Q5,pastel_palettes__332,pastel_palettes,0.6794,16
Q5,roselia__621,roselia,0.6793,17
Q5,roselia__624,roselia,0.679,18
Q5,poppin_party__409,poppin_party,0.6772,19
Q5,raise_a_suilen__504,raise_a_suilen,0.6761,20
Q5,roselia__632,roselia,0.6754,21
Q5,raise_a_suilen__537,raise_a_suilen,0.675,22
Q5,poppin_party__390,poppin_party,0.6729,23
Q5,raise_a_suilen__543,raise_a_suilen,0.6706,24
Q5,poppin_party__434,poppin_party,0.6696,25
Q5,morfonica__186,morfonica,0.6689,26
Q5,poppin_party__447,poppin_party,0.6675,27
Q5,poppin_party__410,poppin_party,0.6669,28
Q5,raise_a_suilen__520,raise_a_suilen,0.6668,29
Q5,poppin_party__457,poppin_party,0.6665,30
Q5,pastel_palettes__331,pastel_palettes,0.6637,31
Q5,ave_mujica__096,ave_mujica,0.6635,32
Q5,mygo__293,mygo,0.6633,33
Q5,poppin_party__452,poppin_party,0.6632,34
Q5,hello_happy_world__109,hello_happy_world,0.6622,35
Q5,pastel_palettes__335,pastel_palettes,0.6619,36
Q5,afterglow__002,afterglow,0.6601,37
Q5,afterglow__006,afterglow,0.6598,38
Q5,poppin_party__397,poppin_party,0.6595,39
Q5,raise_a_suilen__513,raise_a_suilen,0.6583,40
Q5,roselia__608,roselia,0.6575,41
Q5,poppin_party__383,poppin_party,0.6573,42
Q5,poppin_party__469,poppin_party,0.657,43
Q5,afterglow__055,afterglow,0.6568,44
Q5,raise_a_suilen__568,raise_a_suilen,0.6568,45
Q5,roselia__601,roselia,0.6568,46
Q5,ave_mujica__073,ave_mujica,0.6567,47
Q5,hello_happy_world__114,hello_happy_world,0.6563,48
Q5,roselia__623,roselia,0.6561,49
Q5,roselia__651,roselia,0.6557,50
Q5,roselia__604,roselia,0.6553,51
Q5,raise_a_suilen__522,raise_a_suilen,0.6552,52
Q5,poppin_party__419,poppin_party,0.6552,53
Q5,ave_mujica__083,ave_mujica,0.6542,54
Q5,poppin_party__485,poppin_party,0.6539,55
Q5,roselia__600,roselia,0.6532,56
Q5,ave_mujica__076,ave_mujica,0.6529,57
Q5,morfonica__182,morfonica,0.6528,58
Q5,raise_a_suilen__490,raise_a_suilen,0.6511,59
Q5,afterglow__068,afterglow,0.6498,60
Q5,raise_a_suilen__535,raise_a_suilen,0.6496,61
Q5,roselia__595,roselia,0.6495,62
Q5,raise_a_suilen__533,raise_a_suilen,0.6494,63
Q5,ave_mujica__079,ave_mujica,0.6492,64
Q5,poppin_party__396,poppin_party,0.6484,65
Q5,raise_a_suilen__542,raise_a_suilen,0.6482,66
Q5,roselia__610,roselia,0.6477,67
Q5,pastel_palettes__344,pastel_palettes,0.6475,68
Q5,roselia__614,roselia,0.6462,69
Q5,pastel_palettes__338,pastel_palettes,0.6455,70
Q5,poppin_party__394,poppin_party,0.6454,71
Q5,roselia__612,roselia,0.6444,72
Q5,hello_happy_world__123,hello_happy_world,0.6435,73
Q5,afterglow__042,afterglow,0.6433,74
Q5,pastel_palettes__357,pastel_palettes,0.6433,75
Q5,poppin_party__461,poppin_party,0.642,76
Q5,raise_a_suilen__531,raise_a_suilen,0.6414,77
Q5,hello_happy_world__107,hello_happy_world,0.6409,78
Q5,hello_happy_world__120,hello_happy_world,0.6404,79
Q5,poppin_party__400,poppin_party,0.6402,80
Q5,hello_happy_world__116,hello_happy_world,0.6399,81
Q5,poppin_party__459,poppin_party,0.6396,82
Q5,poppin_party__445,poppin_party,0.6394,83
Q5,roselia__577,roselia,0.6392,84
Q5,pastel_palettes__337,pastel_palettes,0.6391,85
Q5,hello_happy_world__111,hello_happy_world,0.6389,86
Q5,hello_happy_world__125,hello_happy_world,0.6386,87
Q5,pastel_palettes__348,pastel_palettes,0.6385,88
Q5,raise_a_suilen__511,raise_a_suilen,0.6376,89
Q5,hello_happy_world__118,hello_happy_world,0.6373,90
Q5,roselia__582,roselia,0.637,91
Q5,roselia__617,roselia,0.637,92
Q5,poppin_party__423,poppin_party,0.6366,93
Q5,poppin_party__458,poppin_party,0.6356,94
Q5,poppin_party__408,poppin_party,0.6351,95
Q5,poppin_party__389,poppin_party,0.6348,96
Q5,roselia__606,roselia,0.6347,97
Q5,roselia__619,roselia,0.6344,98
Q5,poppin_party__433,poppin_party,0.6342,99
Q5,afterglow__001,afterglow,0.634,100
Q5,raise_a_suilen__524,raise_a_suilen,0.6331,101
Q5,roselia__650,roselia,0.6325,102
Q5,afterglow__050,afterglow,0.6323,103
Q5,afterglow__014,afterglow,0.6322,104
Q5,roselia__579,roselia,0.6319,105
Q5,poppin_party__379,poppin_party,0.6318,106
Q5,hello_happy_world__168,hello_happy_world,0.6311,107
Q5,poppin_party__415,poppin_party,0.6309,108
Q5,morfonica__190,morfonica,0.6309,109
Q5,roselia__585,roselia,0.6308,110
Q5,poppin_party__484,poppin_party,0.6303,111
Q5,various_artists__102,various_artists,0.63,112
Q5,roselia__584,roselia,0.63,113
Q5,pastel_palettes__362,pastel_palettes,0.6299,114
Q5,afterglow__005,afterglow,0.6294,115
Q5,poppin_party__480,poppin_party,0.6292,116
Q5,poppin_party__440,poppin_party,0.629,117
Q5,pastel_palettes__341,pastel_palettes,0.629,118
Q5,afterglow__018,afterglow,0.6288,119
Q5,roselia__573,roselia,0.6287,120
Q5,roselia__609,roselia,0.6281,121
Q5,poppin_party__438,poppin_party,0.6277,122
Q5,morfonica__181,morfonica,0.6269,123
Q5,roselia__590,roselia,0.6263,124
Q5,poppin_party__436,poppin_party,0.6261,125
Q5,morfonica__189,morfonica,0.6253,126
Q5,roselia__593,roselia,0.6251,127
Q5,roselia__618,roselia,0.6251,128
Q5,poppin_party__454,poppin_party,0.6248,129
Q5,poppin_party__427,poppin_party,0.6244,130
Q5,poppin_party__476,poppin_party,0.624,131
Q5,roselia__613,roselia,0.6239,132
Q5,roselia__630,roselia,0.6238,133
Q6,mygo__260,mygo,0.631,1
Q6,poppin_party__403,poppin_party,0.6054,2
Q6,pastel_palettes__332,pastel_palettes,0.5815,3
Q6,afterglow__042,afterglow,0.577,4
Q6,poppin_party__480,poppin_party,0.5719,5
Q6,hello_happy_world__123,hello_happy_world,0.5714,6
Q6,pastel_palettes__331,pastel_palettes,0.5706,7
Q6,poppin_party__465,poppin_party,0.5689,8
Q6,roselia__573,roselia,0.5684,9
Q6,roselia__595,roselia,0.5674,10
Q6,poppin_party__377,poppin_party,0.5674,11
Q6,poppin_party__450,poppin_party,0.566,12
Q6,raise_a_suilen__522,raise_a_suilen,0.563,13
Q6,poppin_party__417,poppin_party,0.563,14
Q6,pastel_palettes__358,pastel_palettes,0.5628,15
Q6,ave_mujica__081,ave_mujica,0.5627,16
Q6,poppin_party__375,poppin_party,0.5619,17
Q6,poppin_party__472,poppin_party,0.5603,18
Q6,ave_mujica__083,ave_mujica,0.5596,19
Q6,afterglow__066,afterglow,0.5574,20
Q6,poppin_party__443,poppin_party,0.5574,21
Q6,roselia__645,roselia,0.5557,22
Q6,pastel_palettes__361,pastel_palettes,0.5553,23
Q6,roselia__624,roselia,0.5537,24
Q6,pastel_palettes__303,pastel_palettes,0.5534,25
Q6,hello_happy_world__106,hello_happy_world,0.5531,26
Q6,poppin_party__423,poppin_party,0.5531,27
Q6,hello_happy_world__119,hello_happy_world,0.5524,28
Q6,pastel_palettes__371,pastel_palettes,0.5523,29
Q6,roselia__606,roselia,0.5519,30
Q6,poppin_party__409,poppin_party,0.5519,31
Q6,various_artists__104,various_artists,0.5518,32
Q6,poppin_party__438,poppin_party,0.5514,33
Q6,poppin_party__383,poppin_party,0.5513,34
Q6,hello_happy_world__118,hello_happy_world,0.5498,35
Q6,poppin_party__415,poppin_party,0.5489,36
Q6,ave_mujica__096,ave_mujica,0.5488,37
Q6,poppin_party__394,poppin_party,0.5479,38
Q6,afterglow__039,afterglow,0.5478,39
Q6,poppin_party__461,poppin_party,0.5471,40
Q6,raise_a_suilen__568,raise_a_suilen,0.5467,41
Q6,poppin_party__449,poppin_party,0.5466,42
Q6,raise_a_suilen__560,raise_a_suilen,0.5457,43
Q6,mygo__278,mygo,0.5456,44
Q6,pastel_palettes__317,pastel_palettes,0.5456,45
Q6,roselia__657,roselia,0.5455,46
Q6,raise_a_suilen__542,raise_a_suilen,0.5453,47
Q6,afterglow__071,afterglow,0.545,48
Q6,poppin_party__446,poppin_party,0.5449,49
Q6,roselia__603,roselia,0.5449,50
Q6,afterglow__070,afterglow,0.5449,51
Q6,poppin_party__442,poppin_party,0.5448,52
Q6,pastel_palettes__343,pastel_palettes,0.5441,53
Q6,afterglow__001,afterglow,0.544,54
Q6,poppin_party__427,poppin_party,0.5429,55
Q6,raise_a_suilen__549,raise_a_suilen,0.5428,56
Q6,afterglow__027,afterglow,0.5421,57
Q6,roselia__602,roselia,0.5412,58
Q6,raise_a_suilen__556,raise_a_suilen,0.5406,59
Q6,morfonica__189,morfonica,0.5401,60
Q6,pastel_palettes__341,pastel_palettes,0.5397,61
Q6,pastel_palettes__334,pastel_palettes,0.5395,62
Q6,hello_happy_world__149,hello_happy_world,0.5395,63
Q6,raise_a_suilen__532,raise_a_suilen,0.5394,64
Q6,morfonica__190,morfonica,0.5383,65
Q6,roselia__570,roselia,0.5381,66
Q6,pastel_palettes__344,pastel_palettes,0.5374,67
Q6,ave_mujica__079,ave_mujica,0.5368,68
Q6,roselia__577,roselia,0.5363,69
Q6,roselia__604,roselia,0.5351,70
Q6,roselia__628,roselia,0.5346,71
Q6,afterglow__056,afterglow,0.5343,72
Q6,roselia__619,roselia,0.5341,73
Q6,roselia__618,roselia,0.534,74
Q6,hello_happy_world__116,hello_happy_world,0.5337,75
Q6,pastel_palettes__362,pastel_palettes,0.5337,76
Q6,afterglow__043,afterglow,0.5328,77
Q6,poppin_party__389,poppin_party,0.5327,78
Q6,afterglow__014,afterglow,0.5321,79
Q6,raise_a_suilen__555,raise_a_suilen,0.5321,80
Q6,poppin_party__475,poppin_party,0.5316,81
Q6,hello_happy_world__115,hello_happy_world,0.5315,82
Q6,pastel_palettes__348,pastel_palettes,0.5314,83
Q6,afterglow__032,afterglow,0.5314,84
Q6,raise_a_suilen__521,raise_a_suilen,0.5314,85
Q6,mygo__289,mygo,0.531,86
Q6,afterglow__065,afterglow,0.5304,87
Q6,poppin_party__397,poppin_party,0.5302,88
Q6,raise_a_suilen__514,raise_a_suilen,0.5302,89
Q6,roselia__585,roselia,0.5299,90
Q6,ave_mujica__086,ave_mujica,0.5297,91
Q6,ave_mujica__088,ave_mujica,0.529,92
Q6,afterglow__018,afterglow,0.5289,93
Q6,poppin_party__408,poppin_party,0.5283,94
Q6,roselia__612,roselia,0.5282,95
Q6,raise_a_suilen__558,raise_a_suilen,0.5282,96
Q6,afterglow__012,afterglow,0.528,97
Q6,pastel_palettes__351,pastel_palettes,0.528,98
Q6,poppin_party__422,poppin_party,0.5276,99
Q6,roselia__625,roselia,0.5269,100
Q6,mygo__282,mygo,0.5268,101
Q6,afterglow__051,afterglow,0.5262,102
Q6,raise_a_suilen__493,raise_a_suilen,0.5258,103
Q6,poppin_party__445,poppin_party,0.5258,104
Q6,afterglow__005,afterglow,0.5255,105
Q6,roselia__656,roselia,0.5253,106
Q6,poppin_party__459,poppin_party,0.5251,107
Q6,poppin_party__466,poppin_party,0.5251,108
Q6,morfonica__212,morfonica,0.525,109
Q6,raise_a_suilen__511,raise_a_suilen,0.5247,110
Q6,poppin_party__458,poppin_party,0.5246,111
Q6,afterglow__033,afterglow,0.5245,112
Q6,raise_a_suilen__565,raise_a_suilen,0.5244,113
Q6,roselia__658,roselia,0.5239,114
Q6,poppin_party__435,poppin_party,0.5237,115
Q6,pastel_palettes__312,pastel_palettes,0.5234,116
Q6,roselia__622,roselia,0.5233,117
Q6,pastel_palettes__368,pastel_palettes,0.5232,118
Q6,raise_a_suilen__550,raise_a_suilen,0.5232,119
Q6,morfonica__181,morfonica,0.5232,120
Q6,pastel_palettes__370,pastel_palettes,0.523,121
Q6,poppin_party__476,poppin_party,0.5224,122
Q6,ave_mujica__085,ave_mujica,0.5224,123
Q6,raise_a_suilen__530,raise_a_suilen,0.5219,124
Q6,raise_a_suilen__551,raise_a_suilen,0.5218,125
Q6,mygo__661,mygo,0.5214,126
Q6,mygo__290,mygo,0.5211,127
Q6,raise_a_suilen__567,raise_a_suilen,0.5206,128
Q6,poppin_party__381,poppin_party,0.5205,129
Q6,mygo__267,mygo,0.5198,130
Q6,mygo__660,mygo,0.5197,131
Q6,roselia__648,roselia,0.5192,132
Q6,afterglow__041,afterglow,0.5191,133
Q7,hello_happy_world__123,hello_happy_world,0.7122,1
Q7,poppin_party__450,poppin_party,0.6997,2
Q7,hello_happy_world__111,hello_happy_world,0.6972,3
Q7,pastel_palettes__344,pastel_palettes,0.693,4
Q7,raise_a_suilen__522,raise_a_suilen,0.6897,5
Q7,poppin_party__443,poppin_party,0.6897,6
Q7,pastel_palettes__331,pastel_palettes,0.6886,7
Q7,poppin_party__423,poppin_party,0.687,8
Q7,poppin_party__383,poppin_party,0.6766,9
Q7,roselia__573,roselia,0.6754,10
Q7,hello_happy_world__119,hello_happy_world,0.6743,11
Q7,hello_happy_world__116,hello_happy_world,0.6715,12
Q7,roselia__606,roselia,0.6711,13
Q7,pastel_palettes__371,pastel_palettes,0.6711,14
Q7,hello_happy_world__109,hello_happy_world,0.67,15
Q7,poppin_party__375,poppin_party,0.67,16
Q7,hello_happy_world__115,hello_happy_world,0.6691,17
Q7,various_artists__104,various_artists,0.667,18
Q7,pastel_palettes__332,pastel_palettes,0.6652,19
Q7,poppin_party__480,poppin_party,0.6627,20
Q7,raise_a_suilen__544,raise_a_suilen,0.6595,21
Q7,ave_mujica__088,ave_mujica,0.6585,22
Q7,raise_a_suilen__517,raise_a_suilen,0.6572,23
Q7,roselia__604,roselia,0.6565,24
Q7,hello_happy_world__121,hello_happy_world,0.6564,25
Q7,poppin_party__465,poppin_party,0.6548,26
Q7,poppin_party__438,poppin_party,0.6541,27
Q7,roselia__612,roselia,0.6517,28
Q7,morfonica__181,morfonica,0.6504,29
Q7,raise_a_suilen__521,raise_a_suilen,0.6485,30
Q7,poppin_party__390,poppin_party,0.6478,31
Q7,pastel_palettes__368,pastel_palettes,0.6461,32
Q7,afterglow__043,afterglow,0.6459,33
Q7,poppin_party__442,poppin_party,0.6441,34
Q7,roselia__624,roselia,0.6431,35
Q7,afterglow__042,afterglow,0.641,36
Q7,roselia__577,roselia,0.6408,37
Q7,roselia__595,roselia,0.6385,38
Q7,poppin_party__469,poppin_party,0.6375,39
Q7,ave_mujica__079,ave_mujica,0.6368,40
Q7,hello_happy_world__118,hello_happy_world,0.6354,41
Q7,hello_happy_world__149,hello_happy_world,0.6353,42
Q7,poppin_party__461,poppin_party,0.6351,43
Q7,pastel_palettes__362,pastel_palettes,0.6335,44
Q7,afterglow__012,afterglow,0.6333,45
Q7,afterglow__001,afterglow,0.6332,46
Q7,afterglow__041,afterglow,0.6329,47
Q7,raise_a_suilen__498,raise_a_suilen,0.631,48
Q7,raise_a_suilen__542,raise_a_suilen,0.631,49
Q7,poppin_party__389,poppin_party,0.6309,50
Q7,roselia__620,roselia,0.6308,51
Q7,raise_a_suilen__514,raise_a_suilen,0.6305,52
Q7,roselia__657,roselia,0.6305,53
Q7,afterglow__027,afterglow,0.629,54
Q7,poppin_party__396,poppin_party,0.6288,55
Q7,roselia__598,roselia,0.6282,56
Q7,roselia__645,roselia,0.628,57
Q7,roselia__618,roselia,0.628,58
Q7,pastel_palettes__343,pastel_palettes,0.6279,59
Q7,poppin_party__446,poppin_party,0.6278,60
Q7,poppin_party__409,poppin_party,0.6277,61
Q7,roselia__583,roselia,0.6263,62
Q7,poppin_party__422,poppin_party,0.6259,63
Q7,roselia__619,roselia,0.6256,64
Q7,hello_happy_world__120,hello_happy_world,0.6248,65
Q7,raise_a_suilen__523,raise_a_suilen,0.6245,66
Q7,hello_happy_world__140,hello_happy_world,0.624,67
Q7,roselia__607,roselia,0.6239,68
Q7,roselia__632,roselia,0.6229,69
Q7,roselia__616,roselia,0.6228,70
Q7,poppin_party__393,poppin_party,0.6213,71
Q7,raise_a_suilen__511,raise_a_suilen,0.621,72
Q7,raise_a_suilen__548,raise_a_suilen,0.6204,73
Q7,poppin_party__464,poppin_party,0.6201,74
Q7,roselia__628,roselia,0.6199,75
Q7,roselia__615,roselia,0.6194,76
Q7,pastel_palettes__358,pastel_palettes,0.619,77
Q7,poppin_party__377,poppin_party,0.6186,78
Q7,raise_a_suilen__526,raise_a_suilen,0.6182,79
Q7,hello_happy_world__126,hello_happy_world,0.6177,80
Q7,afterglow__056,afterglow,0.6172,81
Q7,hello_happy_world__161,hello_happy_world,0.617,82
Q7,roselia__621,roselia,0.6168,83
Q7,poppin_party__452,poppin_party,0.6166,84
Q7,poppin_party__403,poppin_party,0.6165,85
Q7,ave_mujica__096,ave_mujica,0.6164,86
Q7,poppin_party__432,poppin_party,0.616,87
Q7,roselia__627,roselia,0.6143,88
Q7,poppin_party__420,poppin_party,0.6143,89
Q7,afterglow__018,afterglow,0.6142,90
Q7,poppin_party__404,poppin_party,0.6142,91
Q7,poppin_party__454,poppin_party,0.6141,92
Q7,roselia__611,roselia,0.6135,93
Q7,roselia__622,roselia,0.6133,94
Q7,pastel_palettes__348,pastel_palettes,0.6126,95
Q7,poppin_party__457,poppin_party,0.6124,96
Q7,morfonica__189,morfonica,0.6121,97
Q7,various_artists__102,various_artists,0.6117,98
Q7,raise_a_suilen__568,raise_a_suilen,0.6116,99
Q7,pastel_palettes__351,pastel_palettes,0.611,100
Q7,poppin_party__445,poppin_party,0.6105,101
Q7,roselia__634,roselia,0.6102,102
Q7,poppin_party__421,poppin_party,0.6101,103
Q7,hello_happy_world__117,hello_happy_world,0.61,104
Q7,poppin_party__484,poppin_party,0.6098,105
Q7,poppin_party__430,poppin_party,0.6097,106
Q7,poppin_party__380,poppin_party,0.6091,107
Q7,pastel_palettes__337,pastel_palettes,0.6088,108
Q7,poppin_party__433,poppin_party,0.6086,109
Q7,ave_mujica__093,ave_mujica,0.6082,110
Q7,pastel_palettes__312,pastel_palettes,0.6079,111
Q7,roselia__617,roselia,0.6078,112
Q7,afterglow__064,afterglow,0.6078,113
Q7,poppin_party__427,poppin_party,0.6073,114
Q7,hello_happy_world__125,hello_happy_world,0.6072,115
Q7,pastel_palettes__318,pastel_palettes,0.6067,116
Q7,roselia__581,roselia,0.6066,117
Q7,morfonica__190,morfonica,0.6061,118
Q7,poppin_party__417,poppin_party,0.606,119
Q7,raise_a_suilen__504,raise_a_suilen,0.6057,120
Q7,raise_a_suilen__493,raise_a_suilen,0.6054,121
Q7,hello_happy_world__106,hello_happy_world,0.6046,122
Q7,roselia__594,roselia,0.6045,123
Q7,poppin_party__410,poppin_party,0.6041,124
Q7,afterglow__023,afterglow,0.6033,125
Q7,afterglow__070,afterglow,0.6033,126
Q7,poppin_party__441,poppin_party,0.6029,127
Q7,poppin_party__395,poppin_party,0.6028,128
Q7,poppin_party__435,poppin_party,0.6023,129
Q7,poppin_party__474,poppin_party,0.6023,130
Q7,poppin_party__387,poppin_party,0.6017,131
Q7,roselia__586,roselia,0.6008,132
Q7,mygo__290,mygo,0.6007,133
Q8,poppin_party__377,poppin_party,0.6899,1
Q8,poppin_party__450,poppin_party,0.689,2
Q8,poppin_party__480,poppin_party,0.6882,3
Q8,poppin_party__415,poppin_party,0.6757,4
Q8,roselia__624,roselia,0.6714,5
Q8,roselia__573,roselia,0.671,6
Q8,poppin_party__403,poppin_party,0.6689,7
Q8,raise_a_suilen__556,raise_a_suilen,0.6651,8
Q8,mygo__260,mygo,0.6633,9
Q8,pastel_palettes__332,pastel_palettes,0.6595,10
Q8,poppin_party__390,poppin_party,0.6577,11
Q8,poppin_party__427,poppin_party,0.6575,12
Q8,poppin_party__465,poppin_party,0.6572,13
Q8,mygo__290,mygo,0.6558,14
Q8,afterglow__066,afterglow,0.6556,15
Q8,hello_happy_world__149,hello_happy_world,0.6553,16
Q8,pastel_palettes__358,pastel_palettes,0.655,17
Q8,roselia__570,roselia,0.6516,18
Q8,raise_a_suilen__522,raise_a_suilen,0.6512,19
Q8,poppin_party__472,poppin_party,0.651,20
Q8,poppin_party__459,poppin_party,0.6496,21
Q8,roselia__604,roselia,0.6487,22
Q8,poppin_party__442,poppin_party,0.6459,23
Q8,poppin_party__443,poppin_party,0.6453,24
Q8,roselia__577,roselia,0.6447,25
Q8,raise_a_suilen__560,raise_a_suilen,0.6438,26
Q8,mygo__262,mygo,0.643,27
Q8,roselia__657,roselia,0.6429,28
Q8,roselia__625,roselia,0.6388,29
Q8,poppin_party__430,poppin_party,0.6387,30
Q8,mygo__266,mygo,0.6372,31
Q8,afterglow__012,afterglow,0.6369,32
Q8,mygo__267,mygo,0.6365,33
Q8,afterglow__027,afterglow,0.6354,34
Q8,roselia__607,roselia,0.6354,35
Q8,pastel_palettes__312,pastel_palettes,0.6352,36
Q8,roselia__602,roselia,0.6339,37
Q8,raise_a_suilen__558,raise_a_suilen,0.6333,38
Q8,pastel_palettes__371,pastel_palettes,0.6332,39
Q8,morfonica__181,morfonica,0.6326,40
Q8,poppin_party__396,poppin_party,0.6325,41
Q8,poppin_party__476,poppin_party,0.6323,42
Q8,poppin_party__404,poppin_party,0.6322,43
Q8,poppin_party__409,poppin_party,0.6319,44
Q8,pastel_palettes__317,pastel_palettes,0.6306,45
Q8,hello_happy_world__119,hello_happy_world,0.6301,46
Q8,poppin_party__389,poppin_party,0.63,47
Q8,ave_mujica__096,ave_mujica,0.63,48
Q8,pastel_palettes__344,pastel_palettes,0.6295,49
Q8,poppin_party__423,poppin_party,0.6292,50
Q8,afterglow__043,afterglow,0.6281,51
Q8,roselia__593,roselia,0.6276,52
Q8,morfonica__212,morfonica,0.6273,53
Q8,pastel_palettes__331,pastel_palettes,0.6268,54
Q8,morfonica__190,morfonica,0.6266,55
Q8,pastel_palettes__357,pastel_palettes,0.6258,56
Q8,roselia__615,roselia,0.6257,57
Q8,roselia__628,roselia,0.6247,58
Q8,ave_mujica__083,ave_mujica,0.6243,59
Q8,poppin_party__380,poppin_party,0.6241,60
Q8,roselia__632,roselia,0.6228,61
Q8,pastel_palettes__362,pastel_palettes,0.6224,62
Q8,poppin_party__469,poppin_party,0.6224,63
Q8,morfonica__216,morfonica,0.6219,64
Q8,poppin_party__461,poppin_party,0.6218,65
Q8,pastel_palettes__368,pastel_palettes,0.6213,66
Q8,poppin_party__479,poppin_party,0.6209,67
Q8,roselia__595,roselia,0.6209,68
Q8,mygo__661,mygo,0.6197,69
Q8,pastel_palettes__341,pastel_palettes,0.6195,70
Q8,roselia__585,roselia,0.619,71
Q8,ave_mujica__079,ave_mujica,0.6187,72
Q8,afterglow__001,afterglow,0.6181,73
Q8,hello_happy_world__116,hello_happy_world,0.6177,74
Q8,various_artists__104,various_artists,0.6172,75
Q8,raise_a_suilen__506,raise_a_suilen,0.617,76
Q8,hello_happy_world__106,hello_happy_world,0.6169,77
Q8,hello_happy_world__115,hello_happy_world,0.6169,78
Q8,ave_mujica__081,ave_mujica,0.616,79
Q8,roselia__574,roselia,0.6157,80
Q8,morfonica__193,morfonica,0.6155,81
Q8,roselia__618,roselia,0.6153,82
Q8,poppin_party__475,poppin_party,0.6152,83
Q8,afterglow__019,afterglow,0.6151,84
Q8,raise_a_suilen__568,raise_a_suilen,0.6151,85
Q8,poppin_party__401,poppin_party,0.6151,86
Q8,hello_happy_world__125,hello_happy_world,0.615,87
Q8,mygo__278,mygo,0.6148,88
Q8,afterglow__065,afterglow,0.6144,89
Q8,afterglow__014,afterglow,0.6136,90
Q8,mugendai_mutype__245,mugendai_mutype,0.6135,91
Q8,pastel_palettes__343,pastel_palettes,0.6134,92
Q8,poppin_party__473,poppin_party,0.6134,93
Q8,raise_a_suilen__518,raise_a_suilen,0.6131,94
Q8,pastel_palettes__348,pastel_palettes,0.613,95
Q8,raise_a_suilen__514,raise_a_suilen,0.6128,96
Q8,poppin_party__375,poppin_party,0.6124,97
Q8,poppin_party__481,poppin_party,0.6122,98
Q8,poppin_party__457,poppin_party,0.612,99
Q8,mygo__289,mygo,0.6116,100
Q8,afterglow__051,afterglow,0.6115,101
Q8,roselia__594,roselia,0.6109,102
Q8,raise_a_suilen__523,raise_a_suilen,0.6105,103
Q8,ave_mujica__088,ave_mujica,0.6095,104
Q8,morfonica__200,morfonica,0.6092,105
Q8,afterglow__060,afterglow,0.609,106
Q8,roselia__621,roselia,0.6088,107
Q8,raise_a_suilen__557,raise_a_suilen,0.6086,108
Q8,afterglow__070,afterglow,0.6085,109
Q8,hello_happy_world__170,hello_happy_world,0.6083,110
Q8,afterglow__033,afterglow,0.6083,111
Q8,poppin_party__383,poppin_party,0.6082,112
Q8,poppin_party__433,poppin_party,0.608,113
Q8,raise_a_suilen__532,raise_a_suilen,0.6079,114
Q8,poppin_party__394,poppin_party,0.6078,115
Q8,mygo__299,mygo,0.6077,116
Q8,roselia__636,roselia,0.6076,117
Q8,afterglow__037,afterglow,0.607,118
Q8,poppin_party__418,poppin_party,0.6069,119
Q8,roselia__645,roselia,0.6068,120
Q8,morfonica__186,morfonica,0.606,121
Q8,pastel_palettes__345,pastel_palettes,0.606,122
Q8,morfonica__222,morfonica,0.6057,123
Q8,raise_a_suilen__507,raise_a_suilen,0.6055,124
Q8,poppin_party__408,poppin_party,0.6052,125
Q8,pastel_palettes__334,pastel_palettes,0.6052,126
Q8,roselia__653,roselia,0.6049,127
Q8,poppin_party__417,poppin_party,0.6047,128
Q8,ave_mujica__097,ave_mujica,0.6043,129
Q8,poppin_party__434,poppin_party,0.6042,130
Q8,hello_happy_world__126,hello_happy_world,0.6036,131
Q8,poppin_party__447,poppin_party,0.6032,132
Q8,roselia__634,roselia,0.6027,133
